BSN,Batch Name,Vendor Filename,Submitted,Sent to Vendor,Returned from Vendor,Loaded to Aleph
004149572NYU01,tp_20160219_bk_per_273r,,2016-04-06_20:33:13,2016-04-06_20:34:19,,
004202355NYU01,tp_20160219_bk_per_273r,,2016-04-06_20:33:13,2016-04-06_20:34:19,,
004202356NYU01,tp_20160219_bk_per_273r,,2016-04-06_20:33:13,2016-04-06_20:34:19,,
004202357NYU01,tp_20160219_bk_per_273r,,2016-04-06_20:33:13,2016-04-06_20:34:19,,
004202369NYU01,tp_20160219_bk_per_273r,,2016-04-06_20:33:13,2016-04-06_20:34:19,,
004202371NYU01,tp_20160219_bk_per_273r,,2016-04-06_20:33:13,2016-04-06_20:34:19,,
004202427NYU01,tp_20160219_bk_per_273r,,2016-04-06_20:33:13,2016-04-06_20:34:19,,
004202450NYU01,tp_20160219_bk_per_273r,,2016-04-06_20:33:13,2016-04-06_20:34:19,,
004202458NYU01,tp_20160219_bk_per_273r,,2016-04-06_20:33:13,2016-04-06_20:34:19,,
004202463NYU01,tp_20160219_bk_per_273r,,2016-04-06_20:33:13,2016-04-06_20:34:19,,
004202467NYU01,tp_20160219_bk_per_273r,,2016-04-06_20:33:13,2016-04-06_20:34:19,,
004202470NYU01,tp_20160219_bk_per_273r,,2016-04-06_20:33:13,2016-04-06_20:34:19,,
004202481NYU01,tp_20160219_bk_per_273r,,2016-04-06_20:33:13,2016-04-06_20:34:19,,
004202535NYU01,tp_20160219_bk_per_273r,,2016-04-06_20:33:13,2016-04-06_20:34:19,,
004227792NYU01,tp_20160219_bk_per_273r,,2016-04-06_20:33:13,2016-04-06_20:34:19,,
004227793NYU01,tp_20160219_bk_per_273r,,2016-04-06_20:33:13,2016-04-06_20:34:19,,
004227894NYU01,tp_20160219_bk_per_273r,,2016-04-06_20:33:13,2016-04-06_20:34:19,,
004227896NYU01,tp_20160219_bk_per_273r,,2016-04-06_20:33:13,2016-04-06_20:34:19,,
004227897NYU01,tp_20160219_bk_per_273r,,2016-04-06_20:33:13,2016-04-06_20:34:19,,
004227898NYU01,tp_20160219_bk_per_273r,,2016-04-06_20:33:13,2016-04-06_20:34:19,,
004227899NYU01,tp_20160219_bk_per_273r,,2016-04-06_20:33:13,2016-04-06_20:34:19,,
004227900NYU01,tp_20160219_bk_per_273r,,2016-04-06_20:33:13,2016-04-06_20:34:19,,
004227901NYU01,tp_20160219_bk_per_273r,,2016-04-06_20:33:13,2016-04-06_20:34:19,,
004227902NYU01,tp_20160219_bk_per_273r,,2016-04-06_20:33:13,2016-04-06_20:34:19,,
004227903NYU01,tp_20160219_bk_per_273r,,2016-04-06_20:33:13,2016-04-06_20:34:19,,
004227904NYU01,tp_20160219_bk_per_273r,,2016-04-06_20:33:13,2016-04-06_20:34:19,,
004227905NYU01,tp_20160219_bk_per_273r,,2016-04-06_20:33:13,2016-04-06_20:34:19,,
004227908NYU01,tp_20160219_bk_per_273r,,2016-04-06_20:33:13,2016-04-06_20:34:19,,
004227909NYU01,tp_20160219_bk_per_273r,,2016-04-06_20:33:13,2016-04-06_20:34:19,,
004227910NYU01,tp_20160219_bk_per_273r,,2016-04-06_20:33:13,2016-04-06_20:34:19,,
004227911NYU01,tp_20160219_bk_per_273r,,2016-04-06_20:33:13,2016-04-06_20:34:19,,
004227912NYU01,tp_20160219_bk_per_273r,,2016-04-06_20:33:13,2016-04-06_20:34:19,,
004227913NYU01,tp_20160219_bk_per_273r,,2016-04-06_20:33:13,2016-04-06_20:34:19,,
004227914NYU01,tp_20160219_bk_per_273r,,2016-04-06_20:33:13,2016-04-06_20:34:19,,
004227915NYU01,tp_20160219_bk_per_273r,,2016-04-06_20:33:13,2016-04-06_20:34:19,,
004227916NYU01,tp_20160219_bk_per_273r,,2016-04-06_20:33:13,2016-04-06_20:34:19,,
004227918NYU01,tp_20160219_bk_per_273r,,2016-04-06_20:33:13,2016-04-06_20:34:19,,
004227919NYU01,tp_20160219_bk_per_273r,,2016-04-06_20:33:13,2016-04-06_20:34:19,,
004227920NYU01,tp_20160219_bk_per_273r,,2016-04-06_20:33:13,2016-04-06_20:34:19,,
004227922NYU01,tp_20160219_bk_per_273r,,2016-04-06_20:33:13,2016-04-06_20:34:19,,
004227923NYU01,tp_20160219_bk_per_273r,,2016-04-06_20:33:13,2016-04-06_20:34:19,,
004227924NYU01,tp_20160219_bk_per_273r,,2016-04-06_20:33:13,2016-04-06_20:34:19,,
004227926NYU01,tp_20160219_bk_per_273r,,2016-04-06_20:33:13,2016-04-06_20:34:19,,
004227927NYU01,tp_20160219_bk_per_273r,,2016-04-06_20:33:13,2016-04-06_20:34:19,,
004227928NYU01,tp_20160219_bk_per_273r,,2016-04-06_20:33:13,2016-04-06_20:34:19,,
004227930NYU01,tp_20160219_bk_per_273r,,2016-04-06_20:33:13,2016-04-06_20:34:19,,
004227942NYU01,tp_20160219_bk_per_273r,,2016-04-06_20:33:13,2016-04-06_20:34:19,,
004227948NYU01,tp_20160219_bk_per_273r,,2016-04-06_20:33:13,2016-04-06_20:34:19,,
004227951NYU01,tp_20160219_bk_per_273r,,2016-04-06_20:33:13,2016-04-06_20:34:19,,
004227955NYU01,tp_20160219_bk_per_273r,,2016-04-06_20:33:13,2016-04-06_20:34:19,,
004227958NYU01,tp_20160219_bk_per_273r,,2016-04-06_20:33:13,2016-04-06_20:34:19,,
004227959NYU01,tp_20160219_bk_per_273r,,2016-04-06_20:33:13,2016-04-06_20:34:19,,
004227960NYU01,tp_20160219_bk_per_273r,,2016-04-06_20:33:13,2016-04-06_20:34:19,,
004227784NYU01,tp_20160219_bk_per_273r,D160422.T012546.ARA-99r.mrc,2016-04-06_20:33:13,2016-04-06_20:34:19,2016-05-11_17:57:09,
004227791NYU01,tp_20160219_bk_per_273r,metacoll.zyu.contrsvc.CCL_ARABIC_20160513_110544_48_Records.MRC,2016-04-06_20:33:13,2016-04-06_20:34:19,2016-08-17_05:18:56,
004227796NYU01,tp_20160219_bk_per_273r,metacoll.zyu.contrsvc.CCL_ARABIC_20160513_110544_48_Records.MRC,2016-04-06_20:33:13,2016-04-06_20:34:19,2016-08-17_05:18:56,
004227797NYU01,tp_20160219_bk_per_273r,metacoll.zyu.contrsvc.CCL_ARABIC_20160513_110544_48_Records.MRC,2016-04-06_20:33:13,2016-04-06_20:34:19,2016-08-17_05:18:56,
004227809NYU01,tp_20160219_bk_per_273r,metacoll.zyu.contrsvc.CCL_ARABIC_20160513_110544_48_Records.MRC,2016-04-06_20:33:13,2016-04-06_20:34:19,2016-08-17_05:18:56,
004227814NYU01,tp_20160219_bk_per_273r,metacoll.zyu.contrsvc.CCL_ARABIC_20160513_110544_48_Records.MRC,2016-04-06_20:33:13,2016-04-06_20:34:19,2016-08-17_05:18:56,
004227815NYU01,tp_20160219_bk_per_273r,metacoll.zyu.contrsvc.CCL_ARABIC_20160513_110544_48_Records.MRC,2016-04-06_20:33:13,2016-04-06_20:34:19,2016-08-17_05:18:56,
004227820NYU01,tp_20160219_bk_per_273r,metacoll.zyu.contrsvc.CCL_ARABIC_20160513_110544_48_Records.MRC,2016-04-06_20:33:13,2016-04-06_20:34:19,2016-08-17_05:18:56,
004227825NYU01,tp_20160219_bk_per_273r,metacoll.zyu.contrsvc.CCL_ARABIC_20160513_110544_48_Records.MRC,2016-04-06_20:33:13,2016-04-06_20:34:19,2016-08-17_05:18:56,
004227851NYU01,tp_20160219_bk_per_273r,metacoll.zyu.contrsvc.CCL_ARABIC_20160513_110544_48_Records.MRC,2016-04-06_20:33:13,2016-04-06_20:34:19,2016-08-17_05:18:56,
004227852NYU01,tp_20160219_bk_per_273r,metacoll.zyu.contrsvc.CCL_ARABIC_20160513_110544_48_Records.MRC,2016-04-06_20:33:13,2016-04-06_20:34:19,2016-08-17_05:18:56,
004227868NYU01,tp_20160219_bk_per_273r,metacoll.zyu.contrsvc.CCL_ARABIC_20160513_110544_48_Records.MRC,2016-04-06_20:33:13,2016-04-06_20:34:19,2016-08-17_05:18:56,
004227871NYU01,tp_20160219_bk_per_273r,metacoll.zyu.contrsvc.CCL_ARABIC_20160513_110544_48_Records.MRC,2016-04-06_20:33:13,2016-04-06_20:34:19,2016-08-17_05:18:56,
004227873NYU01,tp_20160219_bk_per_273r,metacoll.zyu.contrsvc.CCL_ARABIC_20160513_110544_48_Records.MRC,2016-04-06_20:33:13,2016-04-06_20:34:19,2016-08-17_05:18:56,
004227874NYU01,tp_20160219_bk_per_273r,metacoll.zyu.contrsvc.CCL_ARABIC_20160513_110544_48_Records.MRC,2016-04-06_20:33:13,2016-04-06_20:34:19,2016-08-17_05:18:56,
004227875NYU01,tp_20160219_bk_per_273r,metacoll.zyu.contrsvc.CCL_ARABIC_20160513_110544_48_Records.MRC,2016-04-06_20:33:13,2016-04-06_20:34:19,2016-08-17_05:18:56,
004227876NYU01,tp_20160219_bk_per_273r,metacoll.zyu.contrsvc.CCL_ARABIC_20160513_110544_48_Records.MRC,2016-04-06_20:33:13,2016-04-06_20:34:19,2016-08-17_05:18:56,
004227884NYU01,tp_20160219_bk_per_273r,metacoll.zyu.contrsvc.CCL_ARABIC_20160513_110544_48_Records.MRC,2016-04-06_20:33:13,2016-04-06_20:34:19,2016-08-17_05:18:56,
004227885NYU01,tp_20160219_bk_per_273r,metacoll.zyu.contrsvc.CCL_ARABIC_20160513_110544_48_Records.MRC,2016-04-06_20:33:13,2016-04-06_20:34:19,2016-08-17_05:18:56,
004227886NYU01,tp_20160219_bk_per_273r,metacoll.zyu.contrsvc.CCL_ARABIC_20160513_110544_48_Records.MRC,2016-04-06_20:33:13,2016-04-06_20:34:19,2016-08-17_05:18:56,
004227887NYU01,tp_20160219_bk_per_273r,metacoll.zyu.contrsvc.CCL_ARABIC_20160513_110544_48_Records.MRC,2016-04-06_20:33:13,2016-04-06_20:34:19,2016-08-17_05:18:56,
004227888NYU01,tp_20160219_bk_per_273r,metacoll.zyu.contrsvc.CCL_ARABIC_20160513_110544_48_Records.MRC,2016-04-06_20:33:13,2016-04-06_20:34:19,2016-08-17_05:18:56,
004227890NYU01,tp_20160219_bk_per_273r,metacoll.zyu.contrsvc.CCL_ARABIC_20160513_110544_48_Records.MRC,2016-04-06_20:33:13,2016-04-06_20:34:19,2016-08-17_05:18:56,
004227891NYU01,tp_20160219_bk_per_273r,metacoll.zyu.contrsvc.CCL_ARABIC_20160513_110544_48_Records.MRC,2016-04-06_20:33:13,2016-04-06_20:34:19,2016-08-17_05:18:56,
003745860NYU01,tp_20160303_bk_ara_171r,metacoll.zyu.contrsvc.CCL_ARABIC_20160513_110544_48_Records.MRC,2016-04-06_20:37:53,2016-04-06_20:38:25,2016-08-17_05:18:56,
003862740NYU01,tp_20160303_bk_ara_171r,metacoll.zyu.contrsvc.CCL_ARABIC_20160513_110544_48_Records.MRC,2016-04-06_20:37:53,2016-04-06_20:38:25,2016-08-17_05:18:56,
004097493NYU01,tp_20160303_bk_ara_171r,metacoll.zyu.contrsvc.CCL_ARABIC_20160513_110544_48_Records.MRC,2016-04-06_20:37:53,2016-04-06_20:38:25,2016-08-17_05:18:56,
004128217NYU01,tp_20160303_bk_ara_171r,metacoll.zyu.contrsvc.CCL_ARABIC_20160513_110544_48_Records.MRC,2016-04-06_20:37:53,2016-04-06_20:38:25,2016-08-17_05:18:56,
004130784NYU01,tp_20160303_bk_ara_171r,metacoll.zyu.contrsvc.CCL_ARABIC_20160513_110544_48_Records.MRC,2016-04-06_20:37:53,2016-04-06_20:38:25,2016-08-17_05:18:56,
004227980NYU01,tp_20160303_bk_ara_171r,metacoll.zyu.contrsvc.CCL_ARABIC_20160513_110544_48_Records.MRC,2016-04-06_20:37:53,2016-04-06_20:38:25,2016-08-17_05:18:56,
004227999NYU01,tp_20160303_bk_ara_171r,metacoll.zyu.contrsvc.CCL_ARABIC_20160513_110544_48_Records.MRC,2016-04-06_20:37:53,2016-04-06_20:38:25,2016-08-17_05:18:56,
004228010NYU01,tp_20160303_bk_ara_171r,metacoll.zyu.contrsvc.CCL_ARABIC_20160513_110544_48_Records.MRC,2016-04-06_20:37:53,2016-04-06_20:38:25,2016-08-17_05:18:56,
004228014NYU01,tp_20160303_bk_ara_171r,metacoll.zyu.contrsvc.CCL_ARABIC_20160513_110544_48_Records.MRC,2016-04-06_20:37:53,2016-04-06_20:38:25,2016-08-17_05:18:56,
004228038NYU01,tp_20160303_bk_ara_171r,metacoll.zyu.contrsvc.CCL_ARABIC_20160513_110544_48_Records.MRC,2016-04-06_20:37:53,2016-04-06_20:38:25,2016-08-17_05:18:56,
004228072NYU01,tp_20160303_bk_ara_171r,metacoll.zyu.contrsvc.CCL_ARABIC_20160513_110544_48_Records.MRC,2016-04-06_20:37:53,2016-04-06_20:38:25,2016-08-17_05:18:56,
004228078NYU01,tp_20160303_bk_ara_171r,metacoll.zyu.contrsvc.CCL_ARABIC_20160513_110544_48_Records.MRC,2016-04-06_20:37:53,2016-04-06_20:38:25,2016-08-17_05:18:56,
004228091NYU01,tp_20160303_bk_ara_171r,metacoll.zyu.contrsvc.CCL_ARABIC_20160513_110544_48_Records.MRC,2016-04-06_20:37:53,2016-04-06_20:38:25,2016-08-17_05:18:56,
004228131NYU01,tp_20160303_bk_ara_171r,metacoll.zyu.contrsvc.CCL_ARABIC_20160513_110544_48_Records.MRC,2016-04-06_20:37:53,2016-04-06_20:38:25,2016-08-17_05:18:56,
004228146NYU01,tp_20160303_bk_ara_171r,metacoll.zyu.contrsvc.CCL_ARABIC_20160513_110544_48_Records.MRC,2016-04-06_20:37:53,2016-04-06_20:38:25,2016-08-17_05:18:56,
004228147NYU01,tp_20160303_bk_ara_171r,metacoll.zyu.contrsvc.CCL_ARABIC_20160513_110544_48_Records.MRC,2016-04-06_20:37:53,2016-04-06_20:38:25,2016-08-17_05:18:56,
004228151NYU01,tp_20160303_bk_ara_171r,metacoll.zyu.contrsvc.CCL_ARABIC_20160513_110544_48_Records.MRC,2016-04-06_20:37:53,2016-04-06_20:38:25,2016-08-17_05:18:56,
004228159NYU01,tp_20160303_bk_ara_171r,metacoll.zyu.contrsvc.CCL_ARABIC_20160513_110544_48_Records.MRC,2016-04-06_20:37:53,2016-04-06_20:38:25,2016-08-17_05:18:56,
004228185NYU01,tp_20160303_bk_ara_171r,metacoll.zyu.contrsvc.CCL_ARABIC_20160513_110544_48_Records.MRC,2016-04-06_20:37:53,2016-04-06_20:38:25,2016-08-17_05:18:56,
004228199NYU01,tp_20160303_bk_ara_171r,metacoll.zyu.contrsvc.CCL_ARABIC_20160513_110544_48_Records.MRC,2016-04-06_20:37:53,2016-04-06_20:38:25,2016-08-17_05:18:56,
004228212NYU01,tp_20160303_bk_ara_171r,metacoll.zyu.contrsvc.CCL_ARABIC_20160513_110544_48_Records.MRC,2016-04-06_20:37:53,2016-04-06_20:38:25,2016-08-17_05:18:56,
004229932NYU01,tp_20160303_bk_ara_171r,metacoll.zyu.contrsvc.CCL_ARABIC_20160513_110544_48_Records.MRC,2016-04-06_20:37:53,2016-04-06_20:38:25,2016-08-17_05:18:56,
004230128NYU01,tp_20160303_bk_ara_171r,metacoll.zyu.contrsvc.CCL_ARABIC_20160513_110544_48_Records.MRC,2016-04-06_20:37:53,2016-04-06_20:38:25,2016-08-17_05:18:56,
004230253NYU01,tp_20160303_bk_ara_171r,metacoll.zyu.contrsvc.CCL_ARABIC_20160513_110544_48_Records.MRC,2016-04-06_20:37:53,2016-04-06_20:38:25,2016-08-17_05:18:56,
004230312NYU01,tp_20160303_bk_ara_171r,metacoll.zyu.contrsvc.CCL_ARABIC_20160513_110544_48_Records.MRC,2016-04-06_20:37:53,2016-04-06_20:38:25,2016-08-17_05:18:56,
004147989NYU01,tp_20160303_bk_ara_171r,metacoll.zyu.contrsvc.CCL_ARABIC_20160602_110532_50_Records.MRC,2016-04-06_20:37:53,2016-04-06_20:38:25,2016-08-17_05:19:22,
004148262NYU01,tp_20160303_bk_ara_171r,metacoll.zyu.contrsvc.CCL_ARABIC_20160602_110532_50_Records.MRC,2016-04-06_20:37:53,2016-04-06_20:38:25,2016-08-17_05:19:22,
004186211NYU01,tp_20160303_bk_ara_171r,metacoll.zyu.contrsvc.CCL_ARABIC_20160602_110532_50_Records.MRC,2016-04-06_20:37:53,2016-04-06_20:38:25,2016-08-17_05:19:22,
004186249NYU01,tp_20160303_bk_ara_171r,metacoll.zyu.contrsvc.CCL_ARABIC_20160602_110532_50_Records.MRC,2016-04-06_20:37:53,2016-04-06_20:38:25,2016-08-17_05:19:22,
004186257NYU01,tp_20160303_bk_ara_171r,metacoll.zyu.contrsvc.CCL_ARABIC_20160602_110532_50_Records.MRC,2016-04-06_20:37:53,2016-04-06_20:38:25,2016-08-17_05:19:22,
004201054NYU01,tp_20160303_bk_ara_171r,metacoll.zyu.contrsvc.CCL_ARABIC_20160602_110532_50_Records.MRC,2016-04-06_20:37:53,2016-04-06_20:38:25,2016-08-17_05:19:22,
004228024NYU01,tp_20160303_bk_ara_171r,metacoll.zyu.contrsvc.CCL_ARABIC_20160602_110532_50_Records.MRC,2016-04-06_20:37:53,2016-04-06_20:38:25,2016-08-17_05:19:22,
004228145NYU01,tp_20160303_bk_ara_171r,metacoll.zyu.contrsvc.CCL_ARABIC_20160602_110532_50_Records.MRC,2016-04-06_20:37:53,2016-04-06_20:38:25,2016-08-17_05:19:22,
004228172NYU01,tp_20160303_bk_ara_171r,metacoll.zyu.contrsvc.CCL_ARABIC_20160602_110532_50_Records.MRC,2016-04-06_20:37:53,2016-04-06_20:38:25,2016-08-17_05:19:22,
004228173NYU01,tp_20160303_bk_ara_171r,metacoll.zyu.contrsvc.CCL_ARABIC_20160602_110532_50_Records.MRC,2016-04-06_20:37:53,2016-04-06_20:38:25,2016-08-17_05:19:22,
004228203NYU01,tp_20160303_bk_ara_171r,metacoll.zyu.contrsvc.CCL_ARABIC_20160602_110532_50_Records.MRC,2016-04-06_20:37:53,2016-04-06_20:38:25,2016-08-17_05:19:22,
004229930NYU01,tp_20160303_bk_ara_171r,metacoll.zyu.contrsvc.CCL_ARABIC_20160602_110532_50_Records.MRC,2016-04-06_20:37:53,2016-04-06_20:38:25,2016-08-17_05:19:22,
004229945NYU01,tp_20160303_bk_ara_171r,metacoll.zyu.contrsvc.CCL_ARABIC_20160602_110532_50_Records.MRC,2016-04-06_20:37:53,2016-04-06_20:38:25,2016-08-17_05:19:22,
004229947NYU01,tp_20160303_bk_ara_171r,metacoll.zyu.contrsvc.CCL_ARABIC_20160602_110532_50_Records.MRC,2016-04-06_20:37:53,2016-04-06_20:38:25,2016-08-17_05:19:22,
004229950NYU01,tp_20160303_bk_ara_171r,metacoll.zyu.contrsvc.CCL_ARABIC_20160602_110532_50_Records.MRC,2016-04-06_20:37:53,2016-04-06_20:38:25,2016-08-17_05:19:22,
004229960NYU01,tp_20160303_bk_ara_171r,metacoll.zyu.contrsvc.CCL_ARABIC_20160602_110532_50_Records.MRC,2016-04-06_20:37:53,2016-04-06_20:38:25,2016-08-17_05:19:22,
004229964NYU01,tp_20160303_bk_ara_171r,metacoll.zyu.contrsvc.CCL_ARABIC_20160602_110532_50_Records.MRC,2016-04-06_20:37:53,2016-04-06_20:38:25,2016-08-17_05:19:22,
004229973NYU01,tp_20160303_bk_ara_171r,metacoll.zyu.contrsvc.CCL_ARABIC_20160602_110532_50_Records.MRC,2016-04-06_20:37:53,2016-04-06_20:38:25,2016-08-17_05:19:22,
004230005NYU01,tp_20160303_bk_ara_171r,metacoll.zyu.contrsvc.CCL_ARABIC_20160602_110532_50_Records.MRC,2016-04-06_20:37:53,2016-04-06_20:38:25,2016-08-17_05:19:22,
004230016NYU01,tp_20160303_bk_ara_171r,metacoll.zyu.contrsvc.CCL_ARABIC_20160602_110532_50_Records.MRC,2016-04-06_20:37:53,2016-04-06_20:38:25,2016-08-17_05:19:22,
004230021NYU01,tp_20160303_bk_ara_171r,metacoll.zyu.contrsvc.CCL_ARABIC_20160602_110532_50_Records.MRC,2016-04-06_20:37:53,2016-04-06_20:38:25,2016-08-17_05:19:22,
004230036NYU01,tp_20160303_bk_ara_171r,metacoll.zyu.contrsvc.CCL_ARABIC_20160602_110532_50_Records.MRC,2016-04-06_20:37:53,2016-04-06_20:38:25,2016-08-17_05:19:22,
004230037NYU01,tp_20160303_bk_ara_171r,metacoll.zyu.contrsvc.CCL_ARABIC_20160602_110532_50_Records.MRC,2016-04-06_20:37:53,2016-04-06_20:38:25,2016-08-17_05:19:22,
004230039NYU01,tp_20160303_bk_ara_171r,metacoll.zyu.contrsvc.CCL_ARABIC_20160602_110532_50_Records.MRC,2016-04-06_20:37:53,2016-04-06_20:38:25,2016-08-17_05:19:22,
004230040NYU01,tp_20160303_bk_ara_171r,metacoll.zyu.contrsvc.CCL_ARABIC_20160602_110532_50_Records.MRC,2016-04-06_20:37:53,2016-04-06_20:38:25,2016-08-17_05:19:22,
004230051NYU01,tp_20160303_bk_ara_171r,metacoll.zyu.contrsvc.CCL_ARABIC_20160602_110532_50_Records.MRC,2016-04-06_20:37:53,2016-04-06_20:38:25,2016-08-17_05:19:22,
004230062NYU01,tp_20160303_bk_ara_171r,metacoll.zyu.contrsvc.CCL_ARABIC_20160602_110532_50_Records.MRC,2016-04-06_20:37:53,2016-04-06_20:38:25,2016-08-17_05:19:22,
004230078NYU01,tp_20160303_bk_ara_171r,metacoll.zyu.contrsvc.CCL_ARABIC_20160602_110532_50_Records.MRC,2016-04-06_20:37:53,2016-04-06_20:38:25,2016-08-17_05:19:22,
004230082NYU01,tp_20160303_bk_ara_171r,metacoll.zyu.contrsvc.CCL_ARABIC_20160602_110532_50_Records.MRC,2016-04-06_20:37:53,2016-04-06_20:38:25,2016-08-17_05:19:22,
004230094NYU01,tp_20160303_bk_ara_171r,metacoll.zyu.contrsvc.CCL_ARABIC_20160602_110532_50_Records.MRC,2016-04-06_20:37:53,2016-04-06_20:38:25,2016-08-17_05:19:22,
004230103NYU01,tp_20160303_bk_ara_171r,metacoll.zyu.contrsvc.CCL_ARABIC_20160602_110532_50_Records.MRC,2016-04-06_20:37:53,2016-04-06_20:38:25,2016-08-17_05:19:22,
004230108NYU01,tp_20160303_bk_ara_171r,metacoll.zyu.contrsvc.CCL_ARABIC_20160602_110532_50_Records.MRC,2016-04-06_20:37:53,2016-04-06_20:38:25,2016-08-17_05:19:22,
004230109NYU01,tp_20160303_bk_ara_171r,metacoll.zyu.contrsvc.CCL_ARABIC_20160602_110532_50_Records.MRC,2016-04-06_20:37:53,2016-04-06_20:38:25,2016-08-17_05:19:22,
004230138NYU01,tp_20160303_bk_ara_171r,metacoll.zyu.contrsvc.CCL_ARABIC_20160602_110532_50_Records.MRC,2016-04-06_20:37:53,2016-04-06_20:38:25,2016-08-17_05:19:22,
004230143NYU01,tp_20160303_bk_ara_171r,metacoll.zyu.contrsvc.CCL_ARABIC_20160602_110532_50_Records.MRC,2016-04-06_20:37:53,2016-04-06_20:38:25,2016-08-17_05:19:22,
004230159NYU01,tp_20160303_bk_ara_171r,metacoll.zyu.contrsvc.CCL_ARABIC_20160602_110532_50_Records.MRC,2016-04-06_20:37:53,2016-04-06_20:38:25,2016-08-17_05:19:22,
004230173NYU01,tp_20160303_bk_ara_171r,metacoll.zyu.contrsvc.CCL_ARABIC_20160602_110532_50_Records.MRC,2016-04-06_20:37:53,2016-04-06_20:38:25,2016-08-17_05:19:22,
004230174NYU01,tp_20160303_bk_ara_171r,metacoll.zyu.contrsvc.CCL_ARABIC_20160602_110532_50_Records.MRC,2016-04-06_20:37:53,2016-04-06_20:38:25,2016-08-17_05:19:22,
004230176NYU01,tp_20160303_bk_ara_171r,metacoll.zyu.contrsvc.CCL_ARABIC_20160602_110532_50_Records.MRC,2016-04-06_20:37:53,2016-04-06_20:38:25,2016-08-17_05:19:22,
004230179NYU01,tp_20160303_bk_ara_171r,metacoll.zyu.contrsvc.CCL_ARABIC_20160602_110532_50_Records.MRC,2016-04-06_20:37:53,2016-04-06_20:38:25,2016-08-17_05:19:22,
004230238NYU01,tp_20160303_bk_ara_171r,metacoll.zyu.contrsvc.CCL_ARABIC_20160602_110532_50_Records.MRC,2016-04-06_20:37:53,2016-04-06_20:38:25,2016-08-17_05:19:22,
004230242NYU01,tp_20160303_bk_ara_171r,metacoll.zyu.contrsvc.CCL_ARABIC_20160602_110532_50_Records.MRC,2016-04-06_20:37:53,2016-04-06_20:38:25,2016-08-17_05:19:22,
004230244NYU01,tp_20160303_bk_ara_171r,metacoll.zyu.contrsvc.CCL_ARABIC_20160602_110532_50_Records.MRC,2016-04-06_20:37:53,2016-04-06_20:38:25,2016-08-17_05:19:22,
004230246NYU01,tp_20160303_bk_ara_171r,metacoll.zyu.contrsvc.CCL_ARABIC_20160602_110532_50_Records.MRC,2016-04-06_20:37:53,2016-04-06_20:38:25,2016-08-17_05:19:22,
004230247NYU01,tp_20160303_bk_ara_171r,metacoll.zyu.contrsvc.CCL_ARABIC_20160602_110532_50_Records.MRC,2016-04-06_20:37:53,2016-04-06_20:38:25,2016-08-17_05:19:22,
004230258NYU01,tp_20160303_bk_ara_171r,metacoll.zyu.contrsvc.CCL_ARABIC_20160602_110532_50_Records.MRC,2016-04-06_20:37:53,2016-04-06_20:38:25,2016-08-17_05:19:22,
004230261NYU01,tp_20160303_bk_ara_171r,metacoll.zyu.contrsvc.CCL_ARABIC_20160602_110532_50_Records.MRC,2016-04-06_20:37:53,2016-04-06_20:38:25,2016-08-17_05:19:22,
004230270NYU01,tp_20160303_bk_ara_171r,metacoll.zyu.contrsvc.CCL_ARABIC_20160602_110532_50_Records.MRC,2016-04-06_20:37:53,2016-04-06_20:38:25,2016-08-17_05:19:22,
004230293NYU01,tp_20160303_bk_ara_171r,metacoll.zyu.contrsvc.CCL_ARABIC_20160602_110532_50_Records.MRC,2016-04-06_20:37:53,2016-04-06_20:38:25,2016-08-17_05:19:22,
004230309NYU01,tp_20160303_bk_ara_171r,metacoll.zyu.contrsvc.CCL_ARABIC_20160602_110532_50_Records.MRC,2016-04-06_20:37:53,2016-04-06_20:38:25,2016-08-17_05:19:22,
004229935NYU01,tp_20160303_bk_ara_171r,metacoll.zyu.contrsvc.CCL_ARABIC_20160614_110607_21_Records.MRC,2016-04-06_20:37:53,2016-04-06_20:38:25,2016-08-17_05:19:40,
004229941NYU01,tp_20160303_bk_ara_171r,metacoll.zyu.contrsvc.CCL_ARABIC_20160614_110607_21_Records.MRC,2016-04-06_20:37:53,2016-04-06_20:38:25,2016-08-17_05:19:40,
004229971NYU01,tp_20160303_bk_ara_171r,metacoll.zyu.contrsvc.CCL_ARABIC_20160614_110607_21_Records.MRC,2016-04-06_20:37:53,2016-04-06_20:38:25,2016-08-17_05:19:40,
004229989NYU01,tp_20160303_bk_ara_171r,metacoll.zyu.contrsvc.CCL_ARABIC_20160614_110607_21_Records.MRC,2016-04-06_20:37:53,2016-04-06_20:38:25,2016-08-17_05:19:40,
004230045NYU01,tp_20160303_bk_ara_171r,metacoll.zyu.contrsvc.CCL_ARABIC_20160614_110607_21_Records.MRC,2016-04-06_20:37:53,2016-04-06_20:38:25,2016-08-17_05:19:40,
004230058NYU01,tp_20160303_bk_ara_171r,metacoll.zyu.contrsvc.CCL_ARABIC_20160614_110607_21_Records.MRC,2016-04-06_20:37:53,2016-04-06_20:38:25,2016-08-17_05:19:40,
004230061NYU01,tp_20160303_bk_ara_171r,metacoll.zyu.contrsvc.CCL_ARABIC_20160614_110607_21_Records.MRC,2016-04-06_20:37:53,2016-04-06_20:38:25,2016-08-17_05:19:40,
004230064NYU01,tp_20160303_bk_ara_171r,metacoll.zyu.contrsvc.CCL_ARABIC_20160614_110607_21_Records.MRC,2016-04-06_20:37:53,2016-04-06_20:38:25,2016-08-17_05:19:40,
004230099NYU01,tp_20160303_bk_ara_171r,metacoll.zyu.contrsvc.CCL_ARABIC_20160614_110607_21_Records.MRC,2016-04-06_20:37:53,2016-04-06_20:38:25,2016-08-17_05:19:40,
004230111NYU01,tp_20160303_bk_ara_171r,metacoll.zyu.contrsvc.CCL_ARABIC_20160614_110607_21_Records.MRC,2016-04-06_20:37:53,2016-04-06_20:38:25,2016-08-17_05:19:40,
004230114NYU01,tp_20160303_bk_ara_171r,metacoll.zyu.contrsvc.CCL_ARABIC_20160614_110607_21_Records.MRC,2016-04-06_20:37:53,2016-04-06_20:38:25,2016-08-17_05:19:40,
004230158NYU01,tp_20160303_bk_ara_171r,metacoll.zyu.contrsvc.CCL_ARABIC_20160614_110607_21_Records.MRC,2016-04-06_20:37:53,2016-04-06_20:38:25,2016-08-17_05:19:40,
004230169NYU01,tp_20160303_bk_ara_171r,metacoll.zyu.contrsvc.CCL_ARABIC_20160614_110607_21_Records.MRC,2016-04-06_20:37:53,2016-04-06_20:38:25,2016-08-17_05:19:40,
004230199NYU01,tp_20160303_bk_ara_171r,metacoll.zyu.contrsvc.CCL_ARABIC_20160614_110607_21_Records.MRC,2016-04-06_20:37:53,2016-04-06_20:38:25,2016-08-17_05:19:40,
004230202NYU01,tp_20160303_bk_ara_171r,metacoll.zyu.contrsvc.CCL_ARABIC_20160614_110607_21_Records.MRC,2016-04-06_20:37:53,2016-04-06_20:38:25,2016-08-17_05:19:40,
004230214NYU01,tp_20160303_bk_ara_171r,metacoll.zyu.contrsvc.CCL_ARABIC_20160614_110607_21_Records.MRC,2016-04-06_20:37:53,2016-04-06_20:38:25,2016-08-17_05:19:40,
004230220NYU01,tp_20160303_bk_ara_171r,metacoll.zyu.contrsvc.CCL_ARABIC_20160614_110607_21_Records.MRC,2016-04-06_20:37:53,2016-04-06_20:38:25,2016-08-17_05:19:40,
004230223NYU01,tp_20160303_bk_ara_171r,metacoll.zyu.contrsvc.CCL_ARABIC_20160614_110607_21_Records.MRC,2016-04-06_20:37:53,2016-04-06_20:38:25,2016-08-17_05:19:40,
004230224NYU01,tp_20160303_bk_ara_171r,metacoll.zyu.contrsvc.CCL_ARABIC_20160614_110607_21_Records.MRC,2016-04-06_20:37:53,2016-04-06_20:38:25,2016-08-17_05:19:40,
004230260NYU01,tp_20160303_bk_ara_171r,metacoll.zyu.contrsvc.CCL_ARABIC_20160614_110607_21_Records.MRC,2016-04-06_20:37:53,2016-04-06_20:38:25,2016-08-17_05:19:40,
004258592NYU01,tp_20160303_bk_ara_171r,metacoll.zyu.contrsvc.CCL_ARABIC_20160614_110607_21_Records.MRC,2016-04-06_20:37:53,2016-04-06_20:38:25,2016-08-17_05:19:40,
003798172NYU01,tp_20160303_bk_ara_171r,metacoll.zyu.contrsvc.CCL_ARABIC_20160628_110535_25_Records.MRC,2016-04-06_20:37:53,2016-04-06_20:38:25,2016-08-17_05:20:12,
003837115NYU01,tp_20160303_bk_ara_171r,metacoll.zyu.contrsvc.CCL_ARABIC_20160628_110535_25_Records.MRC,2016-04-06_20:37:53,2016-04-06_20:38:25,2016-08-17_05:20:12,
004064567NYU01,tp_20160303_bk_ara_171r,metacoll.zyu.contrsvc.CCL_ARABIC_20160628_110535_25_Records.MRC,2016-04-06_20:37:53,2016-04-06_20:38:25,2016-08-17_05:20:12,
004124698NYU01,tp_20160303_bk_ara_171r,metacoll.zyu.contrsvc.CCL_ARABIC_20160628_110535_25_Records.MRC,2016-04-06_20:37:53,2016-04-06_20:38:25,2016-08-17_05:20:12,
004126790NYU01,tp_20160303_bk_ara_171r,metacoll.zyu.contrsvc.CCL_ARABIC_20160628_110535_25_Records.MRC,2016-04-06_20:37:53,2016-04-06_20:38:25,2016-08-17_05:20:12,
004126791NYU01,tp_20160303_bk_ara_171r,metacoll.zyu.contrsvc.CCL_ARABIC_20160628_110535_25_Records.MRC,2016-04-06_20:37:53,2016-04-06_20:38:25,2016-08-17_05:20:12,
004126794NYU01,tp_20160303_bk_ara_171r,metacoll.zyu.contrsvc.CCL_ARABIC_20160628_110535_25_Records.MRC,2016-04-06_20:37:53,2016-04-06_20:38:25,2016-08-17_05:20:12,
004128421NYU01,tp_20160303_bk_ara_171r,metacoll.zyu.contrsvc.CCL_ARABIC_20160628_110535_25_Records.MRC,2016-04-06_20:37:53,2016-04-06_20:38:25,2016-08-17_05:20:12,
004128949NYU01,tp_20160303_bk_ara_171r,metacoll.zyu.contrsvc.CCL_ARABIC_20160628_110535_25_Records.MRC,2016-04-06_20:37:53,2016-04-06_20:38:25,2016-08-17_05:20:12,
004129904NYU01,tp_20160303_bk_ara_171r,metacoll.zyu.contrsvc.CCL_ARABIC_20160628_110535_25_Records.MRC,2016-04-06_20:37:53,2016-04-06_20:38:25,2016-08-17_05:20:12,
004130787NYU01,tp_20160303_bk_ara_171r,metacoll.zyu.contrsvc.CCL_ARABIC_20160628_110535_25_Records.MRC,2016-04-06_20:37:53,2016-04-06_20:38:25,2016-08-17_05:20:12,
004130789NYU01,tp_20160303_bk_ara_171r,metacoll.zyu.contrsvc.CCL_ARABIC_20160628_110535_25_Records.MRC,2016-04-06_20:37:53,2016-04-06_20:38:25,2016-08-17_05:20:12,
004169637NYU01,tp_20160303_bk_ara_171r,metacoll.zyu.contrsvc.CCL_ARABIC_20160628_110535_25_Records.MRC,2016-04-06_20:37:53,2016-04-06_20:38:25,2016-08-17_05:20:12,
004169640NYU01,tp_20160303_bk_ara_171r,metacoll.zyu.contrsvc.CCL_ARABIC_20160628_110535_25_Records.MRC,2016-04-06_20:37:53,2016-04-06_20:38:25,2016-08-17_05:20:12,
004174257NYU01,tp_20160303_bk_ara_171r,metacoll.zyu.contrsvc.CCL_ARABIC_20160628_110535_25_Records.MRC,2016-04-06_20:37:53,2016-04-06_20:38:25,2016-08-17_05:20:12,
004174258NYU01,tp_20160303_bk_ara_171r,metacoll.zyu.contrsvc.CCL_ARABIC_20160628_110535_25_Records.MRC,2016-04-06_20:37:53,2016-04-06_20:38:25,2016-08-17_05:20:12,
004174262NYU01,tp_20160303_bk_ara_171r,metacoll.zyu.contrsvc.CCL_ARABIC_20160628_110535_25_Records.MRC,2016-04-06_20:37:53,2016-04-06_20:38:25,2016-08-17_05:20:12,
004192657NYU01,tp_20160303_bk_ara_171r,metacoll.zyu.contrsvc.CCL_ARABIC_20160628_110535_25_Records.MRC,2016-04-06_20:37:53,2016-04-06_20:38:25,2016-08-17_05:20:12,
004212312NYU01,tp_20160303_bk_ara_171r,metacoll.zyu.contrsvc.CCL_ARABIC_20160628_110535_25_Records.MRC,2016-04-06_20:37:53,2016-04-06_20:38:25,2016-08-17_05:20:12,
004212318NYU01,tp_20160303_bk_ara_171r,metacoll.zyu.contrsvc.CCL_ARABIC_20160628_110535_25_Records.MRC,2016-04-06_20:37:53,2016-04-06_20:38:25,2016-08-17_05:20:12,
004212319NYU01,tp_20160303_bk_ara_171r,metacoll.zyu.contrsvc.CCL_ARABIC_20160628_110535_25_Records.MRC,2016-04-06_20:37:53,2016-04-06_20:38:25,2016-08-17_05:20:12,
004217785NYU01,tp_20160303_bk_ara_171r,metacoll.zyu.contrsvc.CCL_ARABIC_20160628_110535_25_Records.MRC,2016-04-06_20:37:53,2016-04-06_20:38:25,2016-08-17_05:20:12,
004230283NYU01,tp_20160303_bk_ara_171r,metacoll.zyu.contrsvc.CCL_ARABIC_20160628_110535_25_Records.MRC,2016-04-06_20:37:53,2016-04-06_20:38:25,2016-08-17_05:20:12,
004240154NYU01,tp_20160303_bk_ara_171r,metacoll.zyu.contrsvc.CCL_ARABIC_20160628_110535_25_Records.MRC,2016-04-06_20:37:53,2016-04-06_20:38:25,2016-08-17_05:20:12,
004240251NYU01,tp_20160303_bk_ara_171r,metacoll.zyu.contrsvc.CCL_ARABIC_20160628_110535_25_Records.MRC,2016-04-06_20:37:53,2016-04-06_20:38:25,2016-08-17_05:20:12,
004037256NYU01,tp_20160303_bk_ara_171r,metacoll.zyu.contrsvc.CCL_ARABIC_20160706_110527_25_Records.MRC,2016-04-06_20:37:53,2016-04-06_20:38:25,2016-08-17_05:20:36,
004133297NYU01,tp_20160303_bk_ara_171r,metacoll.zyu.contrsvc.CCL_ARABIC_20160706_110527_25_Records.MRC,2016-04-06_20:37:53,2016-04-06_20:38:25,2016-08-17_05:20:36,
004136424NYU01,tp_20160303_bk_ara_171r,metacoll.zyu.contrsvc.CCL_ARABIC_20160706_110527_25_Records.MRC,2016-04-06_20:37:53,2016-04-06_20:38:25,2016-08-17_05:20:36,
004136433NYU01,tp_20160303_bk_ara_171r,metacoll.zyu.contrsvc.CCL_ARABIC_20160706_110527_25_Records.MRC,2016-04-06_20:37:53,2016-04-06_20:38:25,2016-08-17_05:20:36,
004140597NYU01,tp_20160303_bk_ara_171r,metacoll.zyu.contrsvc.CCL_ARABIC_20160706_110527_25_Records.MRC,2016-04-06_20:37:53,2016-04-06_20:38:25,2016-08-17_05:20:36,
004228023NYU01,tp_20160303_bk_ara_171r,metacoll.zyu.contrsvc.CCL_ARABIC_20160706_110527_25_Records.MRC,2016-04-06_20:37:53,2016-04-06_20:38:25,2016-08-17_05:20:36,
004228083NYU01,tp_20160303_bk_ara_171r,metacoll.zyu.contrsvc.CCL_ARABIC_20160706_110527_25_Records.MRC,2016-04-06_20:37:53,2016-04-06_20:38:25,2016-08-17_05:20:36,
004228095NYU01,tp_20160303_bk_ara_171r,metacoll.zyu.contrsvc.CCL_ARABIC_20160706_110527_25_Records.MRC,2016-04-06_20:37:53,2016-04-06_20:38:25,2016-08-17_05:20:36,
004228097NYU01,tp_20160303_bk_ara_171r,metacoll.zyu.contrsvc.CCL_ARABIC_20160706_110527_25_Records.MRC,2016-04-06_20:37:53,2016-04-06_20:38:25,2016-08-17_05:20:36,
004228118NYU01,tp_20160303_bk_ara_171r,metacoll.zyu.contrsvc.CCL_ARABIC_20160706_110527_25_Records.MRC,2016-04-06_20:37:53,2016-04-06_20:38:25,2016-08-17_05:20:36,
004228123NYU01,tp_20160303_bk_ara_171r,metacoll.zyu.contrsvc.CCL_ARABIC_20160706_110527_25_Records.MRC,2016-04-06_20:37:53,2016-04-06_20:38:25,2016-08-17_05:20:36,
004228128NYU01,tp_20160303_bk_ara_171r,metacoll.zyu.contrsvc.CCL_ARABIC_20160706_110527_25_Records.MRC,2016-04-06_20:37:53,2016-04-06_20:38:25,2016-08-17_05:20:36,
004228189NYU01,tp_20160303_bk_ara_171r,metacoll.zyu.contrsvc.CCL_ARABIC_20160706_110527_25_Records.MRC,2016-04-06_20:37:53,2016-04-06_20:38:25,2016-08-17_05:20:36,
004229948NYU01,tp_20160303_bk_ara_171r,metacoll.zyu.contrsvc.CCL_ARABIC_20160706_110527_25_Records.MRC,2016-04-06_20:37:53,2016-04-06_20:38:25,2016-08-17_05:20:36,
004229951NYU01,tp_20160303_bk_ara_171r,metacoll.zyu.contrsvc.CCL_ARABIC_20160706_110527_25_Records.MRC,2016-04-06_20:37:53,2016-04-06_20:38:25,2016-08-17_05:20:36,
004229979NYU01,tp_20160303_bk_ara_171r,metacoll.zyu.contrsvc.CCL_ARABIC_20160706_110527_25_Records.MRC,2016-04-06_20:37:53,2016-04-06_20:38:25,2016-08-17_05:20:36,
004230057NYU01,tp_20160303_bk_ara_171r,metacoll.zyu.contrsvc.CCL_ARABIC_20160706_110527_25_Records.MRC,2016-04-06_20:37:53,2016-04-06_20:38:25,2016-08-17_05:20:36,
004230104NYU01,tp_20160303_bk_ara_171r,metacoll.zyu.contrsvc.CCL_ARABIC_20160706_110527_25_Records.MRC,2016-04-06_20:37:53,2016-04-06_20:38:25,2016-08-17_05:20:36,
004230147NYU01,tp_20160303_bk_ara_171r,metacoll.zyu.contrsvc.CCL_ARABIC_20160706_110527_25_Records.MRC,2016-04-06_20:37:53,2016-04-06_20:38:25,2016-08-17_05:20:36,
004230198NYU01,tp_20160303_bk_ara_171r,metacoll.zyu.contrsvc.CCL_ARABIC_20160706_110527_25_Records.MRC,2016-04-06_20:37:53,2016-04-06_20:38:25,2016-08-17_05:20:36,
004230215NYU01,tp_20160303_bk_ara_171r,metacoll.zyu.contrsvc.CCL_ARABIC_20160706_110527_25_Records.MRC,2016-04-06_20:37:53,2016-04-06_20:38:25,2016-08-17_05:20:36,
004230221NYU01,tp_20160303_bk_ara_171r,metacoll.zyu.contrsvc.CCL_ARABIC_20160706_110527_25_Records.MRC,2016-04-06_20:37:53,2016-04-06_20:38:25,2016-08-17_05:20:36,
004230225NYU01,tp_20160303_bk_ara_171r,metacoll.zyu.contrsvc.CCL_ARABIC_20160706_110527_25_Records.MRC,2016-04-06_20:37:53,2016-04-06_20:38:25,2016-08-17_05:20:36,
004230240NYU01,tp_20160303_bk_ara_171r,metacoll.zyu.contrsvc.CCL_ARABIC_20160706_110527_25_Records.MRC,2016-04-06_20:37:53,2016-04-06_20:38:25,2016-08-17_05:20:36,
004258583NYU01,tp_20160303_bk_ara_171r,metacoll.zyu.contrsvc.CCL_ARABIC_20160706_110527_25_Records.MRC,2016-04-06_20:37:53,2016-04-06_20:38:25,2016-08-17_05:20:36,
004229937NYU01,tp_20160303_bk_ara_171r,metacoll.zyu.contrsvc.CCL_ARABIC_20160707_110558_25_Records.MRC,2016-04-06_20:37:53,2016-04-06_20:38:25,2016-08-17_05:20:59,
004229938NYU01,tp_20160303_bk_ara_171r,metacoll.zyu.contrsvc.CCL_ARABIC_20160707_110558_25_Records.MRC,2016-04-06_20:37:53,2016-04-06_20:38:25,2016-08-17_05:20:59,
004229954NYU01,tp_20160303_bk_ara_171r,metacoll.zyu.contrsvc.CCL_ARABIC_20160707_110558_25_Records.MRC,2016-04-06_20:37:53,2016-04-06_20:38:25,2016-08-17_05:20:59,
004229983NYU01,tp_20160303_bk_ara_171r,metacoll.zyu.contrsvc.CCL_ARABIC_20160707_110558_25_Records.MRC,2016-04-06_20:37:53,2016-04-06_20:38:25,2016-08-17_05:20:59,
004230024NYU01,tp_20160303_bk_ara_171r,metacoll.zyu.contrsvc.CCL_ARABIC_20160707_110558_25_Records.MRC,2016-04-06_20:37:53,2016-04-06_20:38:25,2016-08-17_05:20:59,
004230054NYU01,tp_20160303_bk_ara_171r,metacoll.zyu.contrsvc.CCL_ARABIC_20160707_110558_25_Records.MRC,2016-04-06_20:37:53,2016-04-06_20:38:25,2016-08-17_05:20:59,
004230073NYU01,tp_20160303_bk_ara_171r,metacoll.zyu.contrsvc.CCL_ARABIC_20160707_110558_25_Records.MRC,2016-04-06_20:37:53,2016-04-06_20:38:25,2016-08-17_05:20:59,
004230074NYU01,tp_20160303_bk_ara_171r,metacoll.zyu.contrsvc.CCL_ARABIC_20160707_110558_25_Records.MRC,2016-04-06_20:37:53,2016-04-06_20:38:25,2016-08-17_05:20:59,
004230084NYU01,tp_20160303_bk_ara_171r,metacoll.zyu.contrsvc.CCL_ARABIC_20160707_110558_25_Records.MRC,2016-04-06_20:37:53,2016-04-06_20:38:25,2016-08-17_05:20:59,
004230089NYU01,tp_20160303_bk_ara_171r,metacoll.zyu.contrsvc.CCL_ARABIC_20160707_110558_25_Records.MRC,2016-04-06_20:37:53,2016-04-06_20:38:25,2016-08-17_05:20:59,
004230092NYU01,tp_20160303_bk_ara_171r,metacoll.zyu.contrsvc.CCL_ARABIC_20160707_110558_25_Records.MRC,2016-04-06_20:37:53,2016-04-06_20:38:25,2016-08-17_05:20:59,
004230097NYU01,tp_20160303_bk_ara_171r,metacoll.zyu.contrsvc.CCL_ARABIC_20160707_110558_25_Records.MRC,2016-04-06_20:37:53,2016-04-06_20:38:25,2016-08-17_05:20:59,
004230101NYU01,tp_20160303_bk_ara_171r,metacoll.zyu.contrsvc.CCL_ARABIC_20160707_110558_25_Records.MRC,2016-04-06_20:37:53,2016-04-06_20:38:25,2016-08-17_05:20:59,
004230131NYU01,tp_20160303_bk_ara_171r,metacoll.zyu.contrsvc.CCL_ARABIC_20160707_110558_25_Records.MRC,2016-04-06_20:37:53,2016-04-06_20:38:25,2016-08-17_05:20:59,
004230134NYU01,tp_20160303_bk_ara_171r,metacoll.zyu.contrsvc.CCL_ARABIC_20160707_110558_25_Records.MRC,2016-04-06_20:37:53,2016-04-06_20:38:25,2016-08-17_05:20:59,
004230167NYU01,tp_20160303_bk_ara_171r,metacoll.zyu.contrsvc.CCL_ARABIC_20160707_110558_25_Records.MRC,2016-04-06_20:37:53,2016-04-06_20:38:25,2016-08-17_05:20:59,
004230168NYU01,tp_20160303_bk_ara_171r,metacoll.zyu.contrsvc.CCL_ARABIC_20160707_110558_25_Records.MRC,2016-04-06_20:37:53,2016-04-06_20:38:25,2016-08-17_05:20:59,
004230175NYU01,tp_20160303_bk_ara_171r,metacoll.zyu.contrsvc.CCL_ARABIC_20160707_110558_25_Records.MRC,2016-04-06_20:37:53,2016-04-06_20:38:25,2016-08-17_05:20:59,
004230186NYU01,tp_20160303_bk_ara_171r,metacoll.zyu.contrsvc.CCL_ARABIC_20160707_110558_25_Records.MRC,2016-04-06_20:37:53,2016-04-06_20:38:25,2016-08-17_05:20:59,
004230200NYU01,tp_20160303_bk_ara_171r,metacoll.zyu.contrsvc.CCL_ARABIC_20160707_110558_25_Records.MRC,2016-04-06_20:37:53,2016-04-06_20:38:25,2016-08-17_05:20:59,
004230233NYU01,tp_20160303_bk_ara_171r,metacoll.zyu.contrsvc.CCL_ARABIC_20160707_110558_25_Records.MRC,2016-04-06_20:37:53,2016-04-06_20:38:25,2016-08-17_05:20:59,
004230267NYU01,tp_20160303_bk_ara_171r,metacoll.zyu.contrsvc.CCL_ARABIC_20160707_110558_25_Records.MRC,2016-04-06_20:37:53,2016-04-06_20:38:25,2016-08-17_05:20:59,
004230269NYU01,tp_20160303_bk_ara_171r,metacoll.zyu.contrsvc.CCL_ARABIC_20160707_110558_25_Records.MRC,2016-04-06_20:37:53,2016-04-06_20:38:25,2016-08-17_05:20:59,
004230289NYU01,tp_20160303_bk_ara_171r,metacoll.zyu.contrsvc.CCL_ARABIC_20160707_110558_25_Records.MRC,2016-04-06_20:37:53,2016-04-06_20:38:25,2016-08-17_05:20:59,
004230300NYU01,tp_20160303_bk_ara_171r,metacoll.zyu.contrsvc.CCL_ARABIC_20160707_110558_25_Records.MRC,2016-04-06_20:37:53,2016-04-06_20:38:25,2016-08-17_05:20:59,
004123987NYU01,tp_20160121_bk_gre_14r,D160208.T110602.GRK_14r_mod.mrc,2016-04-06_20:03:34,2016-04-06_20:04:10,2016-04-06_20:09:31,2016-04-06_20:17:25
004124050NYU01,tp_20160121_bk_gre_14r,D160208.T110602.GRK_14r_mod.mrc,2016-04-06_20:03:34,2016-04-06_20:04:10,2016-04-06_20:09:31,2016-04-06_20:17:25
004190526NYU01,tp_20160121_bk_gre_14r,D160208.T110602.GRK_14r_mod.mrc,2016-04-06_20:03:34,2016-04-06_20:04:10,2016-04-06_20:09:31,2016-04-06_20:17:25
004225867NYU01,tp_20160121_bk_gre_14r,D160208.T110602.GRK_14r_mod.mrc,2016-04-06_20:03:34,2016-04-06_20:04:10,2016-04-06_20:09:31,2016-04-06_20:17:25
004225871NYU01,tp_20160121_bk_gre_14r,D160208.T110602.GRK_14r_mod.mrc,2016-04-06_20:03:34,2016-04-06_20:04:10,2016-04-06_20:09:31,2016-04-06_20:17:25
004225873NYU01,tp_20160121_bk_gre_14r,D160208.T110602.GRK_14r_mod.mrc,2016-04-06_20:03:34,2016-04-06_20:04:10,2016-04-06_20:09:31,2016-04-06_20:17:25
004225874NYU01,tp_20160121_bk_gre_14r,D160208.T110602.GRK_14r_mod.mrc,2016-04-06_20:03:34,2016-04-06_20:04:10,2016-04-06_20:09:31,2016-04-06_20:17:25
004226448NYU01,tp_20160121_bk_gre_14r,D160208.T110602.GRK_14r_mod.mrc,2016-04-06_20:03:34,2016-04-06_20:04:10,2016-04-06_20:09:31,2016-04-06_20:17:25
004226452NYU01,tp_20160121_bk_gre_14r,D160208.T110602.GRK_14r_mod.mrc,2016-04-06_20:03:34,2016-04-06_20:04:10,2016-04-06_20:09:31,2016-04-06_20:17:25
004226672NYU01,tp_20160121_bk_gre_14r,D160208.T110602.GRK_14r_mod.mrc,2016-04-06_20:03:34,2016-04-06_20:04:10,2016-04-06_20:09:31,2016-04-06_20:17:25
004226675NYU01,tp_20160121_bk_gre_14r,D160208.T110602.GRK_14r_mod.mrc,2016-04-06_20:03:34,2016-04-06_20:04:10,2016-04-06_20:09:31,2016-04-06_20:17:25
004226676NYU01,tp_20160121_bk_gre_14r,D160208.T110602.GRK_14r_mod.mrc,2016-04-06_20:03:34,2016-04-06_20:04:10,2016-04-06_20:09:31,2016-04-06_20:17:25
004226678NYU01,tp_20160121_bk_gre_14r,D160208.T110602.GRK_14r_mod.mrc,2016-04-06_20:03:34,2016-04-06_20:04:10,2016-04-06_20:09:31,2016-04-06_20:17:25
004226680NYU01,tp_20160121_bk_gre_14r,D160208.T110602.GRK_14r_mod.mrc,2016-04-06_20:03:34,2016-04-06_20:04:10,2016-04-06_20:09:31,2016-04-06_20:17:25
004156984NYU01,bs_20160211_bk_hin_1r,BSLWsample.mrc,2016-04-06_20:42:06,2016-04-06_20:42:45,2016-04-06_20:43:28,2016-05-10_13:24:51
003731448NYU01,bs_20160219_bk_tur_19r,BSLWsample.mrc,2016-04-06_20:42:29,2016-04-06_20:43:00,2016-04-06_20:43:28,2016-05-10_13:24:51
003833442NYU01,bs_20160219_bk_tur_19r,BSLWsample.mrc,2016-04-06_20:42:29,2016-04-06_20:43:00,2016-04-06_20:43:28,2016-05-10_13:24:51
003920746NYU01,bs_20160219_bk_tur_19r,BSLWsample.mrc,2016-04-06_20:42:29,2016-04-06_20:43:00,2016-04-06_20:43:28,2016-05-10_13:24:51
003920878NYU01,bs_20160219_bk_tur_19r,BSLWsample.mrc,2016-04-06_20:42:29,2016-04-06_20:43:00,2016-04-06_20:43:28,2016-05-10_13:24:51
003920880NYU01,bs_20160219_bk_tur_19r,BSLWsample.mrc,2016-04-06_20:42:29,2016-04-06_20:43:00,2016-04-06_20:43:28,2016-05-10_13:24:51
003929990NYU01,bs_20160219_bk_tur_19r,BSLWsample.mrc,2016-04-06_20:42:29,2016-04-06_20:43:00,2016-04-06_20:43:28,2016-05-10_13:24:51
003929994NYU01,bs_20160219_bk_tur_19r,BSLWsample.mrc,2016-04-06_20:42:29,2016-04-06_20:43:00,2016-04-06_20:43:28,2016-05-10_13:24:51
003965386NYU01,bs_20160219_bk_tur_19r,BSLWsample.mrc,2016-04-06_20:42:29,2016-04-06_20:43:00,2016-04-06_20:43:28,2016-05-10_13:24:51
004027680NYU01,bs_20160219_bk_tur_19r,BSLWsample.mrc,2016-04-06_20:42:29,2016-04-06_20:43:00,2016-04-06_20:43:28,2016-05-10_13:24:51
004051426NYU01,bs_20160219_bk_tur_19r,BSLWsample.mrc,2016-04-06_20:42:29,2016-04-06_20:43:00,2016-04-06_20:43:28,2016-05-10_13:24:51
004092880NYU01,bs_20160219_bk_tur_19r,BSLWsample.mrc,2016-04-06_20:42:29,2016-04-06_20:43:00,2016-04-06_20:43:28,2016-05-10_13:24:51
004092891NYU01,bs_20160219_bk_tur_19r,BSLWsample.mrc,2016-04-06_20:42:29,2016-04-06_20:43:00,2016-04-06_20:43:28,2016-05-10_13:24:51
004092904NYU01,bs_20160219_bk_tur_19r,BSLWsample.mrc,2016-04-06_20:42:29,2016-04-06_20:43:00,2016-04-06_20:43:28,2016-05-10_13:24:51
004092906NYU01,bs_20160219_bk_tur_19r,BSLWsample.mrc,2016-04-06_20:42:29,2016-04-06_20:43:00,2016-04-06_20:43:28,2016-05-10_13:24:51
004102833NYU01,bs_20160219_bk_tur_19r,BSLWsample.mrc,2016-04-06_20:42:29,2016-04-06_20:43:00,2016-04-06_20:43:28,2016-05-10_13:24:51
004102849NYU01,bs_20160219_bk_tur_19r,BSLWsample.mrc,2016-04-06_20:42:29,2016-04-06_20:43:00,2016-04-06_20:43:28,2016-05-10_13:24:51
004211442NYU01,bs_20160219_bk_tur_19r,BSLWsample.mrc,2016-04-06_20:42:29,2016-04-06_20:43:00,2016-04-06_20:43:28,2016-05-10_13:24:51
004211476NYU01,bs_20160219_bk_tur_19r,BSLWsample.mrc,2016-04-06_20:42:29,2016-04-06_20:43:00,2016-04-06_20:43:28,2016-05-10_13:24:51
004211482NYU01,bs_20160219_bk_tur_19r,BSLWsample.mrc,2016-04-06_20:42:29,2016-04-06_20:43:00,2016-04-06_20:43:28,2016-05-10_13:24:51
003813763NYU01,tp_20160219_bk_per_273r,D160422.T012546.ARA-99r.mrc,2016-04-06_20:33:13,2016-04-06_20:34:19,2016-05-11_17:57:09,2016-08-22_17:52:59
003989782NYU01,tp_20160219_bk_per_273r,D160422.T012546.ARA-99r.mrc,2016-04-06_20:33:13,2016-04-06_20:34:19,2016-05-11_17:57:09,2016-08-22_17:52:59
004018840NYU01,tp_20160219_bk_per_273r,D160422.T012546.ARA-99r.mrc,2016-04-06_20:33:13,2016-04-06_20:34:19,2016-05-11_17:57:09,2016-08-22_17:52:59
004022002NYU01,tp_20160219_bk_per_273r,D160422.T012546.ARA-99r.mrc,2016-04-06_20:33:13,2016-04-06_20:34:19,2016-05-11_17:57:09,2016-08-22_17:52:59
004022063NYU01,tp_20160219_bk_per_273r,D160422.T012546.ARA-99r.mrc,2016-04-06_20:33:13,2016-04-06_20:34:19,2016-05-11_17:57:09,2016-08-22_17:52:59
004022117NYU01,tp_20160219_bk_per_273r,D160422.T012546.ARA-99r.mrc,2016-04-06_20:33:13,2016-04-06_20:34:19,2016-05-11_17:57:09,2016-08-22_17:52:59
004041801NYU01,tp_20160219_bk_per_273r,D160422.T012546.ARA-99r.mrc,2016-04-06_20:33:13,2016-04-06_20:34:19,2016-05-11_17:57:09,2016-08-22_17:52:59
004041926NYU01,tp_20160219_bk_per_273r,D160422.T012546.ARA-99r.mrc,2016-04-06_20:33:13,2016-04-06_20:34:19,2016-05-11_17:57:09,2016-08-22_17:52:59
004051679NYU01,tp_20160219_bk_per_273r,D160422.T012546.ARA-99r.mrc,2016-04-06_20:33:13,2016-04-06_20:34:19,2016-05-11_17:57:09,2016-08-22_17:52:59
004051680NYU01,tp_20160219_bk_per_273r,D160422.T012546.ARA-99r.mrc,2016-04-06_20:33:13,2016-04-06_20:34:19,2016-05-11_17:57:09,2016-08-22_17:52:59
004051685NYU01,tp_20160219_bk_per_273r,D160422.T012546.ARA-99r.mrc,2016-04-06_20:33:13,2016-04-06_20:34:19,2016-05-11_17:57:09,2016-08-22_17:52:59
004051735NYU01,tp_20160219_bk_per_273r,D160422.T012546.ARA-99r.mrc,2016-04-06_20:33:13,2016-04-06_20:34:19,2016-05-11_17:57:09,2016-08-22_17:52:59
004051736NYU01,tp_20160219_bk_per_273r,D160422.T012546.ARA-99r.mrc,2016-04-06_20:33:13,2016-04-06_20:34:19,2016-05-11_17:57:09,2016-08-22_17:52:59
004051740NYU01,tp_20160219_bk_per_273r,D160422.T012546.ARA-99r.mrc,2016-04-06_20:33:13,2016-04-06_20:34:19,2016-05-11_17:57:09,2016-08-22_17:52:59
004051743NYU01,tp_20160219_bk_per_273r,D160422.T012546.ARA-99r.mrc,2016-04-06_20:33:13,2016-04-06_20:34:19,2016-05-11_17:57:09,2016-08-22_17:52:59
004051754NYU01,tp_20160219_bk_per_273r,D160422.T012546.ARA-99r.mrc,2016-04-06_20:33:13,2016-04-06_20:34:19,2016-05-11_17:57:09,2016-08-22_17:52:59
004051757NYU01,tp_20160219_bk_per_273r,D160422.T012546.ARA-99r.mrc,2016-04-06_20:33:13,2016-04-06_20:34:19,2016-05-11_17:57:09,2016-08-22_17:52:59
004051759NYU01,tp_20160219_bk_per_273r,D160422.T012546.ARA-99r.mrc,2016-04-06_20:33:13,2016-04-06_20:34:19,2016-05-11_17:57:09,2016-08-22_17:52:59
004051760NYU01,tp_20160219_bk_per_273r,D160422.T012546.ARA-99r.mrc,2016-04-06_20:33:13,2016-04-06_20:34:19,2016-05-11_17:57:09,2016-08-22_17:52:59
004051792NYU01,tp_20160219_bk_per_273r,D160422.T012546.ARA-99r.mrc,2016-04-06_20:33:13,2016-04-06_20:34:19,2016-05-11_17:57:09,2016-08-22_17:52:59
004086978NYU01,tp_20160219_bk_per_273r,D160422.T012546.ARA-99r.mrc,2016-04-06_20:33:13,2016-04-06_20:34:19,2016-05-11_17:57:09,2016-08-22_17:52:59
004087045NYU01,tp_20160219_bk_per_273r,D160422.T012546.ARA-99r.mrc,2016-04-06_20:33:13,2016-04-06_20:34:19,2016-05-11_17:57:09,2016-08-22_17:52:59
004087046NYU01,tp_20160219_bk_per_273r,D160422.T012546.ARA-99r.mrc,2016-04-06_20:33:13,2016-04-06_20:34:19,2016-05-11_17:57:09,2016-08-22_17:52:59
004087050NYU01,tp_20160219_bk_per_273r,D160422.T012546.ARA-99r.mrc,2016-04-06_20:33:13,2016-04-06_20:34:19,2016-05-11_17:57:09,2016-08-22_17:52:59
004087062NYU01,tp_20160219_bk_per_273r,D160422.T012546.ARA-99r.mrc,2016-04-06_20:33:13,2016-04-06_20:34:19,2016-05-11_17:57:09,2016-08-22_17:52:59
004087081NYU01,tp_20160219_bk_per_273r,D160422.T012546.ARA-99r.mrc,2016-04-06_20:33:13,2016-04-06_20:34:19,2016-05-11_17:57:09,2016-08-22_17:52:59
004087092NYU01,tp_20160219_bk_per_273r,D160422.T012546.ARA-99r.mrc,2016-04-06_20:33:13,2016-04-06_20:34:19,2016-05-11_17:57:09,2016-08-22_17:52:59
004087117NYU01,tp_20160219_bk_per_273r,D160422.T012546.ARA-99r.mrc,2016-04-06_20:33:13,2016-04-06_20:34:19,2016-05-11_17:57:09,2016-08-22_17:52:59
004087167NYU01,tp_20160219_bk_per_273r,D160422.T012546.ARA-99r.mrc,2016-04-06_20:33:13,2016-04-06_20:34:19,2016-05-11_17:57:09,2016-08-22_17:52:59
004087177NYU01,tp_20160219_bk_per_273r,D160422.T012546.ARA-99r.mrc,2016-04-06_20:33:13,2016-04-06_20:34:19,2016-05-11_17:57:09,2016-08-22_17:52:59
004119750NYU01,tp_20160219_bk_per_273r,D160422.T012546.ARA-99r.mrc,2016-04-06_20:33:13,2016-04-06_20:34:19,2016-05-11_17:57:09,2016-08-22_17:52:59
004119786NYU01,tp_20160219_bk_per_273r,D160422.T012546.ARA-99r.mrc,2016-04-06_20:33:13,2016-04-06_20:34:19,2016-05-11_17:57:09,2016-08-22_17:52:59
004119793NYU01,tp_20160219_bk_per_273r,D160422.T012546.ARA-99r.mrc,2016-04-06_20:33:13,2016-04-06_20:34:19,2016-05-11_17:57:09,2016-08-22_17:52:59
004119806NYU01,tp_20160219_bk_per_273r,D160422.T012546.ARA-99r.mrc,2016-04-06_20:33:13,2016-04-06_20:34:19,2016-05-11_17:57:09,2016-08-22_17:52:59
004119882NYU01,tp_20160219_bk_per_273r,D160422.T012546.ARA-99r.mrc,2016-04-06_20:33:13,2016-04-06_20:34:19,2016-05-11_17:57:09,2016-08-22_17:52:59
004119883NYU01,tp_20160219_bk_per_273r,D160422.T012546.ARA-99r.mrc,2016-04-06_20:33:13,2016-04-06_20:34:19,2016-05-11_17:57:09,2016-08-22_17:52:59
004119898NYU01,tp_20160219_bk_per_273r,D160422.T012546.ARA-99r.mrc,2016-04-06_20:33:13,2016-04-06_20:34:19,2016-05-11_17:57:09,2016-08-22_17:52:59
004119899NYU01,tp_20160219_bk_per_273r,D160422.T012546.ARA-99r.mrc,2016-04-06_20:33:13,2016-04-06_20:34:19,2016-05-11_17:57:09,2016-08-22_17:52:59
004119907NYU01,tp_20160219_bk_per_273r,D160422.T012546.ARA-99r.mrc,2016-04-06_20:33:13,2016-04-06_20:34:19,2016-05-11_17:57:09,2016-08-22_17:52:59
004119936NYU01,tp_20160219_bk_per_273r,D160422.T012546.ARA-99r.mrc,2016-04-06_20:33:13,2016-04-06_20:34:19,2016-05-11_17:57:09,2016-08-22_17:52:59
004119951NYU01,tp_20160219_bk_per_273r,D160422.T012546.ARA-99r.mrc,2016-04-06_20:33:13,2016-04-06_20:34:19,2016-05-11_17:57:09,2016-08-22_17:52:59
004119959NYU01,tp_20160219_bk_per_273r,D160422.T012546.ARA-99r.mrc,2016-04-06_20:33:13,2016-04-06_20:34:19,2016-05-11_17:57:09,2016-08-22_17:52:59
004133537NYU01,tp_20160219_bk_per_273r,D160422.T012546.ARA-99r.mrc,2016-04-06_20:33:13,2016-04-06_20:34:19,2016-05-11_17:57:09,2016-08-22_17:52:59
004133541NYU01,tp_20160219_bk_per_273r,D160422.T012546.ARA-99r.mrc,2016-04-06_20:33:13,2016-04-06_20:34:19,2016-05-11_17:57:09,2016-08-22_17:52:59
004149545NYU01,tp_20160219_bk_per_273r,D160422.T012546.ARA-99r.mrc,2016-04-06_20:33:13,2016-04-06_20:34:19,2016-05-11_17:57:09,2016-08-22_17:52:59
004149548NYU01,tp_20160219_bk_per_273r,D160422.T012546.ARA-99r.mrc,2016-04-06_20:33:13,2016-04-06_20:34:19,2016-05-11_17:57:09,2016-08-22_17:52:59
004149551NYU01,tp_20160219_bk_per_273r,D160422.T012546.ARA-99r.mrc,2016-04-06_20:33:13,2016-04-06_20:34:19,2016-05-11_17:57:09,2016-08-22_17:52:59
004149553NYU01,tp_20160219_bk_per_273r,D160422.T012546.ARA-99r.mrc,2016-04-06_20:33:13,2016-04-06_20:34:19,2016-05-11_17:57:09,2016-08-22_17:52:59
004149556NYU01,tp_20160219_bk_per_273r,D160422.T012546.ARA-99r.mrc,2016-04-06_20:33:13,2016-04-06_20:34:19,2016-05-11_17:57:09,2016-08-22_17:52:59
004149570NYU01,tp_20160219_bk_per_273r,D160422.T012546.ARA-99r.mrc,2016-04-06_20:33:13,2016-04-06_20:34:19,2016-05-11_17:57:09,2016-08-22_17:52:59
004149571NYU01,tp_20160219_bk_per_273r,D160422.T012546.ARA-99r.mrc,2016-04-06_20:33:13,2016-04-06_20:34:19,2016-05-11_17:57:09,2016-08-22_17:52:59
004149576NYU01,tp_20160219_bk_per_273r,D160422.T012546.ARA-99r.mrc,2016-04-06_20:33:13,2016-04-06_20:34:19,2016-05-11_17:57:09,2016-08-22_17:52:59
004149588NYU01,tp_20160219_bk_per_273r,D160422.T012546.ARA-99r.mrc,2016-04-06_20:33:13,2016-04-06_20:34:19,2016-05-11_17:57:09,2016-08-22_17:52:59
004149589NYU01,tp_20160219_bk_per_273r,D160422.T012546.ARA-99r.mrc,2016-04-06_20:33:13,2016-04-06_20:34:19,2016-05-11_17:57:09,2016-08-22_17:52:59
004149609NYU01,tp_20160219_bk_per_273r,D160422.T012546.ARA-99r.mrc,2016-04-06_20:33:13,2016-04-06_20:34:19,2016-05-11_17:57:09,2016-08-22_17:52:59
004149613NYU01,tp_20160219_bk_per_273r,D160422.T012546.ARA-99r.mrc,2016-04-06_20:33:13,2016-04-06_20:34:19,2016-05-11_17:57:09,2016-08-22_17:52:59
004149617NYU01,tp_20160219_bk_per_273r,D160422.T012546.ARA-99r.mrc,2016-04-06_20:33:13,2016-04-06_20:34:19,2016-05-11_17:57:09,2016-08-22_17:52:59
004149632NYU01,tp_20160219_bk_per_273r,D160422.T012546.ARA-99r.mrc,2016-04-06_20:33:13,2016-04-06_20:34:19,2016-05-11_17:57:09,2016-08-22_17:52:59
004149655NYU01,tp_20160219_bk_per_273r,D160422.T012546.ARA-99r.mrc,2016-04-06_20:33:13,2016-04-06_20:34:19,2016-05-11_17:57:09,2016-08-22_17:52:59
004149656NYU01,tp_20160219_bk_per_273r,D160422.T012546.ARA-99r.mrc,2016-04-06_20:33:13,2016-04-06_20:34:19,2016-05-11_17:57:09,2016-08-22_17:52:59
004149659NYU01,tp_20160219_bk_per_273r,D160422.T012546.ARA-99r.mrc,2016-04-06_20:33:13,2016-04-06_20:34:19,2016-05-11_17:57:09,2016-08-22_17:52:59
004149663NYU01,tp_20160219_bk_per_273r,D160422.T012546.ARA-99r.mrc,2016-04-06_20:33:13,2016-04-06_20:34:19,2016-05-11_17:57:09,2016-08-22_17:52:59
004149666NYU01,tp_20160219_bk_per_273r,D160422.T012546.ARA-99r.mrc,2016-04-06_20:33:13,2016-04-06_20:34:19,2016-05-11_17:57:09,2016-08-22_17:52:59
004149668NYU01,tp_20160219_bk_per_273r,D160422.T012546.ARA-99r.mrc,2016-04-06_20:33:13,2016-04-06_20:34:19,2016-05-11_17:57:09,2016-08-22_17:52:59
004149669NYU01,tp_20160219_bk_per_273r,D160422.T012546.ARA-99r.mrc,2016-04-06_20:33:13,2016-04-06_20:34:19,2016-05-11_17:57:09,2016-08-22_17:52:59
004149688NYU01,tp_20160219_bk_per_273r,D160422.T012546.ARA-99r.mrc,2016-04-06_20:33:13,2016-04-06_20:34:19,2016-05-11_17:57:09,2016-08-22_17:52:59
004149689NYU01,tp_20160219_bk_per_273r,D160422.T012546.ARA-99r.mrc,2016-04-06_20:33:13,2016-04-06_20:34:19,2016-05-11_17:57:09,2016-08-22_17:52:59
004159611NYU01,tp_20160219_bk_per_273r,D160422.T012546.ARA-99r.mrc,2016-04-06_20:33:13,2016-04-06_20:34:19,2016-05-11_17:57:09,2016-08-22_17:52:59
004159678NYU01,tp_20160219_bk_per_273r,D160422.T012546.ARA-99r.mrc,2016-04-06_20:33:13,2016-04-06_20:34:19,2016-05-11_17:57:09,2016-08-22_17:52:59
004159705NYU01,tp_20160219_bk_per_273r,D160422.T012546.ARA-99r.mrc,2016-04-06_20:33:13,2016-04-06_20:34:19,2016-05-11_17:57:09,2016-08-22_17:52:59
004159727NYU01,tp_20160219_bk_per_273r,D160422.T012546.ARA-99r.mrc,2016-04-06_20:33:13,2016-04-06_20:34:19,2016-05-11_17:57:09,2016-08-22_17:52:59
004159737NYU01,tp_20160219_bk_per_273r,D160422.T012546.ARA-99r.mrc,2016-04-06_20:33:13,2016-04-06_20:34:19,2016-05-11_17:57:09,2016-08-22_17:52:59
004159786NYU01,tp_20160219_bk_per_273r,D160422.T012546.ARA-99r.mrc,2016-04-06_20:33:13,2016-04-06_20:34:19,2016-05-11_17:57:09,2016-08-22_17:52:59
004159794NYU01,tp_20160219_bk_per_273r,D160422.T012546.ARA-99r.mrc,2016-04-06_20:33:13,2016-04-06_20:34:19,2016-05-11_17:57:09,2016-08-22_17:52:59
004159934NYU01,tp_20160219_bk_per_273r,D160422.T012546.ARA-99r.mrc,2016-04-06_20:33:13,2016-04-06_20:34:19,2016-05-11_17:57:09,2016-08-22_17:52:59
004159939NYU01,tp_20160219_bk_per_273r,D160422.T012546.ARA-99r.mrc,2016-04-06_20:33:13,2016-04-06_20:34:19,2016-05-11_17:57:09,2016-08-22_17:52:59
004159942NYU01,tp_20160219_bk_per_273r,D160422.T012546.ARA-99r.mrc,2016-04-06_20:33:13,2016-04-06_20:34:19,2016-05-11_17:57:09,2016-08-22_17:52:59
004159945NYU01,tp_20160219_bk_per_273r,D160422.T012546.ARA-99r.mrc,2016-04-06_20:33:13,2016-04-06_20:34:19,2016-05-11_17:57:09,2016-08-22_17:52:59
004159949NYU01,tp_20160219_bk_per_273r,D160422.T012546.ARA-99r.mrc,2016-04-06_20:33:13,2016-04-06_20:34:19,2016-05-11_17:57:09,2016-08-22_17:52:59
004159961NYU01,tp_20160219_bk_per_273r,D160422.T012546.ARA-99r.mrc,2016-04-06_20:33:13,2016-04-06_20:34:19,2016-05-11_17:57:09,2016-08-22_17:52:59
004159993NYU01,tp_20160219_bk_per_273r,D160422.T012546.ARA-99r.mrc,2016-04-06_20:33:13,2016-04-06_20:34:19,2016-05-11_17:57:09,2016-08-22_17:52:59
004159996NYU01,tp_20160219_bk_per_273r,D160422.T012546.ARA-99r.mrc,2016-04-06_20:33:13,2016-04-06_20:34:19,2016-05-11_17:57:09,2016-08-22_17:52:59
004159997NYU01,tp_20160219_bk_per_273r,D160422.T012546.ARA-99r.mrc,2016-04-06_20:33:13,2016-04-06_20:34:19,2016-05-11_17:57:09,2016-08-22_17:52:59
004160000NYU01,tp_20160219_bk_per_273r,D160422.T012546.ARA-99r.mrc,2016-04-06_20:33:13,2016-04-06_20:34:19,2016-05-11_17:57:09,2016-08-22_17:52:59
004160025NYU01,tp_20160219_bk_per_273r,D160422.T012546.ARA-99r.mrc,2016-04-06_20:33:13,2016-04-06_20:34:19,2016-05-11_17:57:09,2016-08-22_17:52:59
004202321NYU01,tp_20160219_bk_per_273r,D160422.T012546.ARA-99r.mrc,2016-04-06_20:33:13,2016-04-06_20:34:19,2016-05-11_17:57:09,2016-08-22_17:52:59
004202328NYU01,tp_20160219_bk_per_273r,D160422.T012546.ARA-99r.mrc,2016-04-06_20:33:13,2016-04-06_20:34:19,2016-05-11_17:57:09,2016-08-22_17:52:59
004202341NYU01,tp_20160219_bk_per_273r,D160422.T012546.ARA-99r.mrc,2016-04-06_20:33:13,2016-04-06_20:34:19,2016-05-11_17:57:09,2016-08-22_17:52:59
004202343NYU01,tp_20160219_bk_per_273r,D160422.T012546.ARA-99r.mrc,2016-04-06_20:33:13,2016-04-06_20:34:19,2016-05-11_17:57:09,2016-08-22_17:52:59
004202353NYU01,tp_20160219_bk_per_273r,D160422.T012546.ARA-99r.mrc,2016-04-06_20:33:13,2016-04-06_20:34:19,2016-05-11_17:57:09,2016-08-22_17:52:59
004202354NYU01,tp_20160219_bk_per_273r,D160422.T012546.ARA-99r.mrc,2016-04-06_20:33:13,2016-04-06_20:34:19,2016-05-11_17:57:09,2016-08-22_17:52:59
004202364NYU01,tp_20160219_bk_per_273r,D160422.T012546.ARA-99r.mrc,2016-04-06_20:33:13,2016-04-06_20:34:19,2016-05-11_17:57:09,2016-08-22_17:52:59
004202365NYU01,tp_20160219_bk_per_273r,D160422.T012546.ARA-99r.mrc,2016-04-06_20:33:13,2016-04-06_20:34:19,2016-05-11_17:57:09,2016-08-22_17:52:59
004202366NYU01,tp_20160219_bk_per_273r,D160422.T012546.ARA-99r.mrc,2016-04-06_20:33:13,2016-04-06_20:34:19,2016-05-11_17:57:09,2016-08-22_17:52:59
004202394NYU01,tp_20160219_bk_per_273r,D160422.T012546.ARA-99r.mrc,2016-04-06_20:33:13,2016-04-06_20:34:19,2016-05-11_17:57:09,2016-08-22_17:52:59
004202395NYU01,tp_20160219_bk_per_273r,D160422.T012546.ARA-99r.mrc,2016-04-06_20:33:13,2016-04-06_20:34:19,2016-05-11_17:57:09,2016-08-22_17:52:59
003956609NYU01,tp_20160219_bk_per_273r,D160422.T012546.ARA-99r.mrc,2016-04-06_20:33:13,2016-04-06_20:34:19,2016-05-11_17:57:09,2016-08-22_17:52:59
004051682NYU01,tp_20160219_bk_per_273r,D160422.T012546.ARA-99r.mrc,2016-04-06_20:33:13,2016-04-06_20:34:19,2016-05-11_17:57:09,2016-08-22_17:52:59
004202540NYU01,tp_20160219_bk_per_273r,zyu_20160318_25_arabic_records_techpro_sample_per.mrc,2016-04-06_20:33:13,2016-04-06_20:34:19,2016-04-06_20:35:00,2016-08-22_17:55:23
004202543NYU01,tp_20160219_bk_per_273r,zyu_20160318_25_arabic_records_techpro_sample_per.mrc,2016-04-06_20:33:13,2016-04-06_20:34:19,2016-04-06_20:35:00,2016-08-22_17:55:23
004202548NYU01,tp_20160219_bk_per_273r,zyu_20160318_25_arabic_records_techpro_sample_per.mrc,2016-04-06_20:33:13,2016-04-06_20:34:19,2016-04-06_20:35:00,2016-08-22_17:55:23
004202549NYU01,tp_20160219_bk_per_273r,zyu_20160318_25_arabic_records_techpro_sample_per.mrc,2016-04-06_20:33:13,2016-04-06_20:34:19,2016-04-06_20:35:00,2016-08-22_17:55:23
004202550NYU01,tp_20160219_bk_per_273r,zyu_20160318_25_arabic_records_techpro_sample_per.mrc,2016-04-06_20:33:13,2016-04-06_20:34:19,2016-04-06_20:35:00,2016-08-22_17:55:23
004202551NYU01,tp_20160219_bk_per_273r,zyu_20160318_25_arabic_records_techpro_sample_per.mrc,2016-04-06_20:33:13,2016-04-06_20:34:19,2016-04-06_20:35:00,2016-08-22_17:55:23
004202552NYU01,tp_20160219_bk_per_273r,zyu_20160318_25_arabic_records_techpro_sample_per.mrc,2016-04-06_20:33:13,2016-04-06_20:34:19,2016-04-06_20:35:00,2016-08-22_17:55:23
004202553NYU01,tp_20160219_bk_per_273r,zyu_20160318_25_arabic_records_techpro_sample_per.mrc,2016-04-06_20:33:13,2016-04-06_20:34:19,2016-04-06_20:35:00,2016-08-22_17:55:23
004202554NYU01,tp_20160219_bk_per_273r,zyu_20160318_25_arabic_records_techpro_sample_per.mrc,2016-04-06_20:33:13,2016-04-06_20:34:19,2016-04-06_20:35:00,2016-08-22_17:55:23
004202555NYU01,tp_20160219_bk_per_273r,zyu_20160318_25_arabic_records_techpro_sample_per.mrc,2016-04-06_20:33:13,2016-04-06_20:34:19,2016-04-06_20:35:00,2016-08-22_17:55:23
004202556NYU01,tp_20160219_bk_per_273r,zyu_20160318_25_arabic_records_techpro_sample_per.mrc,2016-04-06_20:33:13,2016-04-06_20:34:19,2016-04-06_20:35:00,2016-08-22_17:55:23
004202557NYU01,tp_20160219_bk_per_273r,zyu_20160318_25_arabic_records_techpro_sample_per.mrc,2016-04-06_20:33:13,2016-04-06_20:34:19,2016-04-06_20:35:00,2016-08-22_17:55:23
004202558NYU01,tp_20160219_bk_per_273r,zyu_20160318_25_arabic_records_techpro_sample_per.mrc,2016-04-06_20:33:13,2016-04-06_20:34:19,2016-04-06_20:35:00,2016-08-22_17:55:23
004202577NYU01,tp_20160219_bk_per_273r,zyu_20160318_25_arabic_records_techpro_sample_per.mrc,2016-04-06_20:33:13,2016-04-06_20:34:19,2016-04-06_20:35:00,2016-08-22_17:55:23
004202578NYU01,tp_20160219_bk_per_273r,zyu_20160318_25_arabic_records_techpro_sample_per.mrc,2016-04-06_20:33:13,2016-04-06_20:34:19,2016-04-06_20:35:00,2016-08-22_17:55:23
004202579NYU01,tp_20160219_bk_per_273r,zyu_20160318_25_arabic_records_techpro_sample_per.mrc,2016-04-06_20:33:13,2016-04-06_20:34:19,2016-04-06_20:35:00,2016-08-22_17:55:23
004202580NYU01,tp_20160219_bk_per_273r,zyu_20160318_25_arabic_records_techpro_sample_per.mrc,2016-04-06_20:33:13,2016-04-06_20:34:19,2016-04-06_20:35:00,2016-08-22_17:55:23
004202581NYU01,tp_20160219_bk_per_273r,zyu_20160318_25_arabic_records_techpro_sample_per.mrc,2016-04-06_20:33:13,2016-04-06_20:34:19,2016-04-06_20:35:00,2016-08-22_17:55:23
004227925NYU01,tp_20160219_bk_per_273r,zyu_20160318_25_arabic_records_techpro_sample_per.mrc,2016-04-06_20:33:13,2016-04-06_20:34:19,2016-04-06_20:35:00,2016-08-22_17:55:23
004227933NYU01,tp_20160219_bk_per_273r,zyu_20160318_25_arabic_records_techpro_sample_per.mrc,2016-04-06_20:33:13,2016-04-06_20:34:19,2016-04-06_20:35:00,2016-08-22_17:55:23
004227934NYU01,tp_20160219_bk_per_273r,zyu_20160318_25_arabic_records_techpro_sample_per.mrc,2016-04-06_20:33:13,2016-04-06_20:34:19,2016-04-06_20:35:00,2016-08-22_17:55:23
004227936NYU01,tp_20160219_bk_per_273r,zyu_20160318_25_arabic_records_techpro_sample_per.mrc,2016-04-06_20:33:13,2016-04-06_20:34:19,2016-04-06_20:35:00,2016-08-22_17:55:23
004227945NYU01,tp_20160219_bk_per_273r,zyu_20160318_25_arabic_records_techpro_sample_per.mrc,2016-04-06_20:33:13,2016-04-06_20:34:19,2016-04-06_20:35:00,2016-08-22_17:55:23
004227947NYU01,tp_20160219_bk_per_273r,zyu_20160318_25_arabic_records_techpro_sample_per.mrc,2016-04-06_20:33:13,2016-04-06_20:34:19,2016-04-06_20:35:00,2016-08-22_17:55:23
004227950NYU01,tp_20160219_bk_per_273r,zyu_20160318_25_arabic_records_techpro_sample_per.mrc,2016-04-06_20:33:13,2016-04-06_20:34:19,2016-04-06_20:35:00,2016-08-22_17:55:23
004227816NYU01,tp_20160219_bk_per_273r,zyu_20160321_23_arabic_records_per.mrc,2016-04-06_20:33:13,2016-04-06_20:34:19,2016-04-06_20:36:06,2016-08-22_17:55:39
004227818NYU01,tp_20160219_bk_per_273r,zyu_20160321_23_arabic_records_per.mrc,2016-04-06_20:33:13,2016-04-06_20:34:19,2016-04-06_20:36:06,2016-08-22_17:55:39
004227822NYU01,tp_20160219_bk_per_273r,zyu_20160321_23_arabic_records_per.mrc,2016-04-06_20:33:13,2016-04-06_20:34:19,2016-04-06_20:36:06,2016-08-22_17:55:39
004227833NYU01,tp_20160219_bk_per_273r,zyu_20160321_23_arabic_records_per.mrc,2016-04-06_20:33:13,2016-04-06_20:34:19,2016-04-06_20:36:06,2016-08-22_17:55:39
004227834NYU01,tp_20160219_bk_per_273r,zyu_20160321_23_arabic_records_per.mrc,2016-04-06_20:33:13,2016-04-06_20:34:19,2016-04-06_20:36:06,2016-08-22_17:55:39
004227835NYU01,tp_20160219_bk_per_273r,zyu_20160321_23_arabic_records_per.mrc,2016-04-06_20:33:13,2016-04-06_20:34:19,2016-04-06_20:36:06,2016-08-22_17:55:39
004227836NYU01,tp_20160219_bk_per_273r,zyu_20160321_23_arabic_records_per.mrc,2016-04-06_20:33:13,2016-04-06_20:34:19,2016-04-06_20:36:06,2016-08-22_17:55:39
004227837NYU01,tp_20160219_bk_per_273r,zyu_20160321_23_arabic_records_per.mrc,2016-04-06_20:33:13,2016-04-06_20:34:19,2016-04-06_20:36:06,2016-08-22_17:55:39
004227838NYU01,tp_20160219_bk_per_273r,zyu_20160321_23_arabic_records_per.mrc,2016-04-06_20:33:13,2016-04-06_20:34:19,2016-04-06_20:36:06,2016-08-22_17:55:39
004227840NYU01,tp_20160219_bk_per_273r,zyu_20160321_23_arabic_records_per.mrc,2016-04-06_20:33:13,2016-04-06_20:34:19,2016-04-06_20:36:06,2016-08-22_17:55:39
004227841NYU01,tp_20160219_bk_per_273r,zyu_20160321_23_arabic_records_per.mrc,2016-04-06_20:33:13,2016-04-06_20:34:19,2016-04-06_20:36:06,2016-08-22_17:55:39
004227842NYU01,tp_20160219_bk_per_273r,zyu_20160321_23_arabic_records_per.mrc,2016-04-06_20:33:13,2016-04-06_20:34:19,2016-04-06_20:36:06,2016-08-22_17:55:39
004227845NYU01,tp_20160219_bk_per_273r,zyu_20160321_23_arabic_records_per.mrc,2016-04-06_20:33:13,2016-04-06_20:34:19,2016-04-06_20:36:06,2016-08-22_17:55:39
004227848NYU01,tp_20160219_bk_per_273r,zyu_20160321_23_arabic_records_per.mrc,2016-04-06_20:33:13,2016-04-06_20:34:19,2016-04-06_20:36:06,2016-08-22_17:55:39
004227849NYU01,tp_20160219_bk_per_273r,zyu_20160321_23_arabic_records_per.mrc,2016-04-06_20:33:13,2016-04-06_20:34:19,2016-04-06_20:36:06,2016-08-22_17:55:39
004227889NYU01,tp_20160219_bk_per_273r,zyu_20160321_23_arabic_records_per.mrc,2016-04-06_20:33:13,2016-04-06_20:34:19,2016-04-06_20:36:06,2016-08-22_17:55:39
004227921NYU01,tp_20160219_bk_per_273r,zyu_20160321_23_arabic_records_per.mrc,2016-04-06_20:33:13,2016-04-06_20:34:19,2016-04-06_20:36:06,2016-08-22_17:55:39
004227937NYU01,tp_20160219_bk_per_273r,zyu_20160321_23_arabic_records_per.mrc,2016-04-06_20:33:13,2016-04-06_20:34:19,2016-04-06_20:36:06,2016-08-22_17:55:39
004227940NYU01,tp_20160219_bk_per_273r,zyu_20160321_23_arabic_records_per.mrc,2016-04-06_20:33:13,2016-04-06_20:34:19,2016-04-06_20:36:06,2016-08-22_17:55:39
004227941NYU01,tp_20160219_bk_per_273r,zyu_20160321_23_arabic_records_per.mrc,2016-04-06_20:33:13,2016-04-06_20:34:19,2016-04-06_20:36:06,2016-08-22_17:55:39
004227943NYU01,tp_20160219_bk_per_273r,zyu_20160321_23_arabic_records_per.mrc,2016-04-06_20:33:13,2016-04-06_20:34:19,2016-04-06_20:36:06,2016-08-22_17:55:39
004227944NYU01,tp_20160219_bk_per_273r,zyu_20160321_23_arabic_records_per.mrc,2016-04-06_20:33:13,2016-04-06_20:34:19,2016-04-06_20:36:06,2016-08-22_17:55:39
004227946NYU01,tp_20160219_bk_per_273r,zyu_20160321_23_arabic_records_per.mrc,2016-04-06_20:33:13,2016-04-06_20:34:19,2016-04-06_20:36:06,2016-08-22_17:55:39
004086998NYU01,tp_20160219_bk_per_273r,metacoll.zyu.contrsvc.CCL_ARABIC_20160506_110539_50_Records.MRC,2016-04-06_20:33:13,2016-04-06_20:34:19,2016-08-17_05:17:41,2016-08-23_10:29:00
004087026NYU01,tp_20160219_bk_per_273r,metacoll.zyu.contrsvc.CCL_ARABIC_20160506_110539_50_Records.MRC,2016-04-06_20:33:13,2016-04-06_20:34:19,2016-08-17_05:17:41,2016-08-23_10:29:00
004087060NYU01,tp_20160219_bk_per_273r,metacoll.zyu.contrsvc.CCL_ARABIC_20160506_110539_50_Records.MRC,2016-04-06_20:33:13,2016-04-06_20:34:19,2016-08-17_05:17:41,2016-08-23_10:29:00
004087070NYU01,tp_20160219_bk_per_273r,metacoll.zyu.contrsvc.CCL_ARABIC_20160506_110539_50_Records.MRC,2016-04-06_20:33:13,2016-04-06_20:34:19,2016-08-17_05:17:41,2016-08-23_10:29:00
004119757NYU01,tp_20160219_bk_per_273r,metacoll.zyu.contrsvc.CCL_ARABIC_20160506_110539_50_Records.MRC,2016-04-06_20:33:13,2016-04-06_20:34:19,2016-08-17_05:17:41,2016-08-23_10:29:00
004119854NYU01,tp_20160219_bk_per_273r,metacoll.zyu.contrsvc.CCL_ARABIC_20160506_110539_50_Records.MRC,2016-04-06_20:33:13,2016-04-06_20:34:19,2016-08-17_05:17:41,2016-08-23_10:29:00
004119906NYU01,tp_20160219_bk_per_273r,metacoll.zyu.contrsvc.CCL_ARABIC_20160506_110539_50_Records.MRC,2016-04-06_20:33:13,2016-04-06_20:34:19,2016-08-17_05:17:41,2016-08-23_10:29:00
004119957NYU01,tp_20160219_bk_per_273r,metacoll.zyu.contrsvc.CCL_ARABIC_20160506_110539_50_Records.MRC,2016-04-06_20:33:13,2016-04-06_20:34:19,2016-08-17_05:17:41,2016-08-23_10:29:00
004149533NYU01,tp_20160219_bk_per_273r,metacoll.zyu.contrsvc.CCL_ARABIC_20160506_110539_50_Records.MRC,2016-04-06_20:33:13,2016-04-06_20:34:19,2016-08-17_05:17:41,2016-08-23_10:29:00
004149586NYU01,tp_20160219_bk_per_273r,metacoll.zyu.contrsvc.CCL_ARABIC_20160506_110539_50_Records.MRC,2016-04-06_20:33:13,2016-04-06_20:34:19,2016-08-17_05:17:41,2016-08-23_10:29:00
004149623NYU01,tp_20160219_bk_per_273r,metacoll.zyu.contrsvc.CCL_ARABIC_20160506_110539_50_Records.MRC,2016-04-06_20:33:13,2016-04-06_20:34:19,2016-08-17_05:17:41,2016-08-23_10:29:00
004149651NYU01,tp_20160219_bk_per_273r,metacoll.zyu.contrsvc.CCL_ARABIC_20160506_110539_50_Records.MRC,2016-04-06_20:33:13,2016-04-06_20:34:19,2016-08-17_05:17:41,2016-08-23_10:29:00
004149664NYU01,tp_20160219_bk_per_273r,metacoll.zyu.contrsvc.CCL_ARABIC_20160506_110539_50_Records.MRC,2016-04-06_20:33:13,2016-04-06_20:34:19,2016-08-17_05:17:41,2016-08-23_10:29:00
004202309NYU01,tp_20160219_bk_per_273r,metacoll.zyu.contrsvc.CCL_ARABIC_20160506_110539_50_Records.MRC,2016-04-06_20:33:13,2016-04-06_20:34:19,2016-08-17_05:17:41,2016-08-23_10:29:00
004202310NYU01,tp_20160219_bk_per_273r,metacoll.zyu.contrsvc.CCL_ARABIC_20160506_110539_50_Records.MRC,2016-04-06_20:33:13,2016-04-06_20:34:19,2016-08-17_05:17:41,2016-08-23_10:29:00
004202333NYU01,tp_20160219_bk_per_273r,metacoll.zyu.contrsvc.CCL_ARABIC_20160506_110539_50_Records.MRC,2016-04-06_20:33:13,2016-04-06_20:34:19,2016-08-17_05:17:41,2016-08-23_10:29:00
004202376NYU01,tp_20160219_bk_per_273r,metacoll.zyu.contrsvc.CCL_ARABIC_20160506_110539_50_Records.MRC,2016-04-06_20:33:13,2016-04-06_20:34:19,2016-08-17_05:17:41,2016-08-23_10:29:00
004202405NYU01,tp_20160219_bk_per_273r,metacoll.zyu.contrsvc.CCL_ARABIC_20160506_110539_50_Records.MRC,2016-04-06_20:33:13,2016-04-06_20:34:19,2016-08-17_05:17:41,2016-08-23_10:29:00
004202408NYU01,tp_20160219_bk_per_273r,metacoll.zyu.contrsvc.CCL_ARABIC_20160506_110539_50_Records.MRC,2016-04-06_20:33:13,2016-04-06_20:34:19,2016-08-17_05:17:41,2016-08-23_10:29:00
004202410NYU01,tp_20160219_bk_per_273r,metacoll.zyu.contrsvc.CCL_ARABIC_20160506_110539_50_Records.MRC,2016-04-06_20:33:13,2016-04-06_20:34:19,2016-08-17_05:17:41,2016-08-23_10:29:00
004202413NYU01,tp_20160219_bk_per_273r,metacoll.zyu.contrsvc.CCL_ARABIC_20160506_110539_50_Records.MRC,2016-04-06_20:33:13,2016-04-06_20:34:19,2016-08-17_05:17:41,2016-08-23_10:29:00
004202422NYU01,tp_20160219_bk_per_273r,metacoll.zyu.contrsvc.CCL_ARABIC_20160506_110539_50_Records.MRC,2016-04-06_20:33:13,2016-04-06_20:34:19,2016-08-17_05:17:41,2016-08-23_10:29:00
004202423NYU01,tp_20160219_bk_per_273r,metacoll.zyu.contrsvc.CCL_ARABIC_20160506_110539_50_Records.MRC,2016-04-06_20:33:13,2016-04-06_20:34:19,2016-08-17_05:17:41,2016-08-23_10:29:00
004202424NYU01,tp_20160219_bk_per_273r,metacoll.zyu.contrsvc.CCL_ARABIC_20160506_110539_50_Records.MRC,2016-04-06_20:33:13,2016-04-06_20:34:19,2016-08-17_05:17:41,2016-08-23_10:29:00
004202440NYU01,tp_20160219_bk_per_273r,metacoll.zyu.contrsvc.CCL_ARABIC_20160506_110539_50_Records.MRC,2016-04-06_20:33:13,2016-04-06_20:34:19,2016-08-17_05:17:41,2016-08-23_10:29:00
004202445NYU01,tp_20160219_bk_per_273r,metacoll.zyu.contrsvc.CCL_ARABIC_20160506_110539_50_Records.MRC,2016-04-06_20:33:13,2016-04-06_20:34:19,2016-08-17_05:17:41,2016-08-23_10:29:00
004202483NYU01,tp_20160219_bk_per_273r,metacoll.zyu.contrsvc.CCL_ARABIC_20160506_110539_50_Records.MRC,2016-04-06_20:33:13,2016-04-06_20:34:19,2016-08-17_05:17:41,2016-08-23_10:29:00
004202492NYU01,tp_20160219_bk_per_273r,metacoll.zyu.contrsvc.CCL_ARABIC_20160506_110539_50_Records.MRC,2016-04-06_20:33:13,2016-04-06_20:34:19,2016-08-17_05:17:41,2016-08-23_10:29:00
004202496NYU01,tp_20160219_bk_per_273r,metacoll.zyu.contrsvc.CCL_ARABIC_20160506_110539_50_Records.MRC,2016-04-06_20:33:13,2016-04-06_20:34:19,2016-08-17_05:17:41,2016-08-23_10:29:00
004202497NYU01,tp_20160219_bk_per_273r,metacoll.zyu.contrsvc.CCL_ARABIC_20160506_110539_50_Records.MRC,2016-04-06_20:33:13,2016-04-06_20:34:19,2016-08-17_05:17:41,2016-08-23_10:29:00
004202498NYU01,tp_20160219_bk_per_273r,metacoll.zyu.contrsvc.CCL_ARABIC_20160506_110539_50_Records.MRC,2016-04-06_20:33:13,2016-04-06_20:34:19,2016-08-17_05:17:41,2016-08-23_10:29:00
004202501NYU01,tp_20160219_bk_per_273r,metacoll.zyu.contrsvc.CCL_ARABIC_20160506_110539_50_Records.MRC,2016-04-06_20:33:13,2016-04-06_20:34:19,2016-08-17_05:17:41,2016-08-23_10:29:00
004202511NYU01,tp_20160219_bk_per_273r,metacoll.zyu.contrsvc.CCL_ARABIC_20160506_110539_50_Records.MRC,2016-04-06_20:33:13,2016-04-06_20:34:19,2016-08-17_05:17:41,2016-08-23_10:29:00
004202547NYU01,tp_20160219_bk_per_273r,metacoll.zyu.contrsvc.CCL_ARABIC_20160506_110539_50_Records.MRC,2016-04-06_20:33:13,2016-04-06_20:34:19,2016-08-17_05:17:41,2016-08-23_10:29:00
004202561NYU01,tp_20160219_bk_per_273r,metacoll.zyu.contrsvc.CCL_ARABIC_20160506_110539_50_Records.MRC,2016-04-06_20:33:13,2016-04-06_20:34:19,2016-08-17_05:17:41,2016-08-23_10:29:00
004202575NYU01,tp_20160219_bk_per_273r,metacoll.zyu.contrsvc.CCL_ARABIC_20160506_110539_50_Records.MRC,2016-04-06_20:33:13,2016-04-06_20:34:19,2016-08-17_05:17:41,2016-08-23_10:29:00
004202582NYU01,tp_20160219_bk_per_273r,metacoll.zyu.contrsvc.CCL_ARABIC_20160506_110539_50_Records.MRC,2016-04-06_20:33:13,2016-04-06_20:34:19,2016-08-17_05:17:41,2016-08-23_10:29:00
004087056NYU01,tp_20160219_bk_per_273r,metacoll.zyu.contrsvc.CCL_ARABIC_20160506_110539_50_Records.MRC,2016-04-06_20:33:13,2016-04-06_20:34:19,2016-08-17_05:17:41,2016-08-23_10:29:00
004202329NYU01,tp_20160219_bk_per_273r,metacoll.zyu.contrsvc.CCL_ARABIC_20160506_110539_50_Records.MRC,2016-04-06_20:33:13,2016-04-06_20:34:19,2016-08-17_05:17:41,2016-08-23_10:29:00
004227800NYU01,tp_20160219_bk_per_273r,metacoll.zyu.contrsvc.CCL_ARABIC_20160506_110539_50_Records.MRC,2016-04-06_20:33:13,2016-04-06_20:34:19,2016-08-17_05:17:41,2016-08-23_10:29:00
004227802NYU01,tp_20160219_bk_per_273r,metacoll.zyu.contrsvc.CCL_ARABIC_20160506_110539_50_Records.MRC,2016-04-06_20:33:13,2016-04-06_20:34:19,2016-08-17_05:17:41,2016-08-23_10:29:00
004227808NYU01,tp_20160219_bk_per_273r,metacoll.zyu.contrsvc.CCL_ARABIC_20160506_110539_50_Records.MRC,2016-04-06_20:33:13,2016-04-06_20:34:19,2016-08-17_05:17:41,2016-08-23_10:29:00
004227839NYU01,tp_20160219_bk_per_273r,metacoll.zyu.contrsvc.CCL_ARABIC_20160506_110539_50_Records.MRC,2016-04-06_20:33:13,2016-04-06_20:34:19,2016-08-17_05:17:41,2016-08-23_10:29:00
004227844NYU01,tp_20160219_bk_per_273r,metacoll.zyu.contrsvc.CCL_ARABIC_20160506_110539_50_Records.MRC,2016-04-06_20:33:13,2016-04-06_20:34:19,2016-08-17_05:17:41,2016-08-23_10:29:00
004227847NYU01,tp_20160219_bk_per_273r,metacoll.zyu.contrsvc.CCL_ARABIC_20160506_110539_50_Records.MRC,2016-04-06_20:33:13,2016-04-06_20:34:19,2016-08-17_05:17:41,2016-08-23_10:29:00
004227850NYU01,tp_20160219_bk_per_273r,metacoll.zyu.contrsvc.CCL_ARABIC_20160506_110539_50_Records.MRC,2016-04-06_20:33:13,2016-04-06_20:34:19,2016-08-17_05:17:41,2016-08-23_10:29:00
004227854NYU01,tp_20160219_bk_per_273r,metacoll.zyu.contrsvc.CCL_ARABIC_20160506_110539_50_Records.MRC,2016-04-06_20:33:13,2016-04-06_20:34:19,2016-08-17_05:17:41,2016-08-23_10:29:00
004227855NYU01,tp_20160219_bk_per_273r,metacoll.zyu.contrsvc.CCL_ARABIC_20160506_110539_50_Records.MRC,2016-04-06_20:33:13,2016-04-06_20:34:19,2016-08-17_05:17:41,2016-08-23_10:29:00
004227856NYU01,tp_20160219_bk_per_273r,metacoll.zyu.contrsvc.CCL_ARABIC_20160506_110539_50_Records.MRC,2016-04-06_20:33:13,2016-04-06_20:34:19,2016-08-17_05:17:41,2016-08-23_10:29:00
004227861NYU01,tp_20160219_bk_per_273r,metacoll.zyu.contrsvc.CCL_ARABIC_20160506_110539_50_Records.MRC,2016-04-06_20:33:13,2016-04-06_20:34:19,2016-08-17_05:17:41,2016-08-23_10:29:00
